size,seed,max_time,w_start,w_end,w_step,manhattan,length,openings,found,solutions
"(1500, 1300)",7,0.2,2.0,1.0,0.25,True,inf,9750,False,[]
"(1500, 1300)",7,0.2,2.0,1.0,0.25,False,inf,9750,False,[]
"(1500, 1300)",7,0.2,2.0,1.0,0.5,True,inf,9750,False,[]
"(1500, 1300)",7,0.2,2.0,1.0,0.5,False,inf,9750,False,[]
"(1500, 1300)",7,1.0,2.0,1.0,0.25,True,inf,9750,False,[]
"(1500, 1300)",7,1.0,2.0,1.0,0.25,False,inf,9750,False,[]
"(1500, 1300)",7,1.0,2.0,1.0,0.5,True,inf,9750,False,[]
"(1500, 1300)",7,1.0,2.0,1.0,0.5,False,inf,9750,False,[]
"(1500, 1300)",7,3.0,2.0,1.0,0.25,True,inf,9750,False,[]
"(1500, 1300)",7,3.0,2.0,1.0,0.25,False,inf,9750,False,[]
"(1500, 1300)",7,3.0,2.0,1.0,0.5,True,inf,9750,False,[]
"(1500, 1300)",7,3.0,2.0,1.0,0.5,False,inf,9750,False,[]
"(1500, 1300)",7,30.0,2.0,1.0,0.25,True,12827.0,9750,True,"[(9.973370552062988, 12875), (20.176655054092407, 12827)]"
"(1500, 1300)",7,30.0,2.0,1.0,0.25,False,12827.0,9750,True,"[(10.497771501541138, 12875), (21.795779705047607, 12827)]"
"(1500, 1300)",7,30.0,2.0,1.0,0.5,True,12827.0,9750,True,"[(10.527199745178223, 12875), (21.30726647377014, 12827)]"
"(1500, 1300)",7,30.0,2.0,1.0,0.5,False,12827.0,9750,True,"[(10.05893063545227, 12875), (20.697893142700195, 12827)]"
"(1500, 1300)",7,60.0,2.0,1.0,0.25,True,12827.0,9750,True,"[(9.996324300765991, 12875), (20.279340267181396, 12827), (30.808956384658813, 12827), (41.398056507110596, 12827), (51.95016074180603, 12827)]"
"(1500, 1300)",7,60.0,2.0,1.0,0.25,False,12827.0,9750,True,"[(10.148541927337646, 12875), (20.760513067245483, 12827), (31.257275581359863, 12827), (41.91587042808533, 12827), (52.78462052345276, 12827)]"
"(1500, 1300)",7,60.0,2.0,1.0,0.5,True,12827.0,9750,True,"[(10.377785205841064, 12875), (21.078476428985596, 12827), (31.840827465057373, 12827)]"
"(1500, 1300)",7,60.0,2.0,1.0,0.5,False,12827.0,9750,True,"[(10.225390672683716, 12875), (20.83291482925415, 12827), (31.60864758491516, 12827)]"
"(1500, 1300)",7,120.0,2.0,1.0,0.25,True,12827.0,9750,True,"[(10.303256750106812, 12875), (20.73914933204651, 12827), (31.44343900680542, 12827), (42.033198595047, 12827), (52.68192934989929, 12827)]"
"(1500, 1300)",7,120.0,2.0,1.0,0.25,False,12827.0,9750,True,"[(10.130792379379272, 12875), (21.05921745300293, 12827), (31.67936658859253, 12827), (42.27977013587952, 12827), (52.85875964164734, 12827)]"
"(1500, 1300)",7,120.0,2.0,1.0,0.5,True,12827.0,9750,True,"[(10.115130186080933, 12875), (20.838149070739746, 12827), (31.40428590774536, 12827)]"
"(1500, 1300)",7,120.0,2.0,1.0,0.5,False,12827.0,9750,True,"[(10.206270217895508, 12875), (21.03035283088684, 12827), (31.660319089889526, 12827)]"
"(1500, 1300)",7,0.2,2.5,1.0,0.25,True,inf,9750,False,[]
"(1500, 1300)",7,0.2,2.5,1.0,0.25,False,inf,9750,False,[]
"(1500, 1300)",7,0.2,2.5,1.0,0.5,True,inf,9750,False,[]
"(1500, 1300)",7,0.2,2.5,1.0,0.5,False,inf,9750,False,[]
"(1500, 1300)",7,1.0,2.5,1.0,0.25,True,inf,9750,False,[]
"(1500, 1300)",7,1.0,2.5,1.0,0.25,False,inf,9750,False,[]
"(1500, 1300)",7,1.0,2.5,1.0,0.5,True,inf,9750,False,[]
"(1500, 1300)",7,1.0,2.5,1.0,0.5,False,inf,9750,False,[]
"(1500, 1300)",7,3.0,2.5,1.0,0.25,True,inf,9750,False,[]
"(1500, 1300)",7,3.0,2.5,1.0,0.25,False,inf,9750,False,[]
"(1500, 1300)",7,3.0,2.5,1.0,0.5,True,inf,9750,False,[]
"(1500, 1300)",7,3.0,2.5,1.0,0.5,False,inf,9750,False,[]
"(1500, 1300)",7,30.0,2.5,1.0,0.25,True,12875.0,9750,True,"[(9.582987070083618, 12875), (19.384162187576294, 12875), (29.568653345108032, 12875)]"
"(1500, 1300)",7,30.0,2.5,1.0,0.25,False,12875.0,9750,True,"[(9.650839567184448, 12875), (19.90045952796936, 12875)]"
"(1500, 1300)",7,30.0,2.5,1.0,0.5,True,12875.0,9750,True,"[(9.77042531967163, 12875), (20.23972773551941, 12875)]"
"(1500, 1300)",7,30.0,2.5,1.0,0.5,False,12875.0,9750,True,"[(9.649047613143921, 12875), (20.120925188064575, 12875)]"
"(1500, 1300)",7,60.0,2.5,1.0,0.25,True,12827.0,9750,True,"[(9.641319990158081, 12875), (19.904568672180176, 12875), (30.396804094314575, 12875), (40.97359538078308, 12827), (51.475303411483765, 12827)]"
"(1500, 1300)",7,60.0,2.5,1.0,0.25,False,12827.0,9750,True,"[(9.607890844345093, 12875), (19.786685705184937, 12875), (29.98315954208374, 12875), (40.49722743034363, 12827), (51.000481843948364, 12827)]"
"(1500, 1300)",7,60.0,2.5,1.0,0.5,True,12827.0,9750,True,"[(9.46644377708435, 12875), (19.900325536727905, 12875), (30.442867040634155, 12827), (40.95902729034424, 12827)]"
"(1500, 1300)",7,60.0,2.5,1.0,0.5,False,12827.0,9750,True,"[(9.56860089302063, 12875), (19.867775440216064, 12875), (30.365757942199707, 12827), (40.77304196357727, 12827)]"
"(1500, 1300)",7,120.0,2.5,1.0,0.25,True,12827.0,9750,True,"[(9.736639022827148, 12875), (19.80417561531067, 12875), (30.086052894592285, 12875), (40.43281316757202, 12827), (50.86621022224426, 12827), (61.4757239818573, 12827), (71.98343849182129, 12827)]"
"(1500, 1300)",7,120.0,2.5,1.0,0.25,False,12827.0,9750,True,"[(9.641720294952393, 12875), (19.79227304458618, 12875), (30.27491283416748, 12875), (40.9678430557251, 12827), (51.387943983078, 12827), (61.9798378944397, 12827), (72.60486173629761, 12827)]"
"(1500, 1300)",7,120.0,2.5,1.0,0.5,True,12827.0,9750,True,"[(9.854999303817749, 12875), (20.260762453079224, 12875), (30.996556043624878, 12827), (41.55383110046387, 12827)]"
"(1500, 1300)",7,120.0,2.5,1.0,0.5,False,12827.0,9750,True,"[(9.55391812324524, 12875), (19.854770183563232, 12875), (30.34446096420288, 12827), (40.78143548965454, 12827)]"
"(1500, 1300)",7,0.2,3.0,1.0,0.25,True,inf,9750,False,[]
"(1500, 1300)",7,0.2,3.0,1.0,0.25,False,inf,9750,False,[]
"(1500, 1300)",7,0.2,3.0,1.0,0.5,True,inf,9750,False,[]
"(1500, 1300)",7,0.2,3.0,1.0,0.5,False,inf,9750,False,[]
"(1500, 1300)",7,1.0,3.0,1.0,0.25,True,inf,9750,False,[]
"(1500, 1300)",7,1.0,3.0,1.0,0.25,False,inf,9750,False,[]
"(1500, 1300)",7,1.0,3.0,1.0,0.5,True,inf,9750,False,[]
"(1500, 1300)",7,1.0,3.0,1.0,0.5,False,inf,9750,False,[]
"(1500, 1300)",7,3.0,3.0,1.0,0.25,True,inf,9750,False,[]
"(1500, 1300)",7,3.0,3.0,1.0,0.25,False,inf,9750,False,[]
"(1500, 1300)",7,3.0,3.0,1.0,0.5,True,inf,9750,False,[]
"(1500, 1300)",7,3.0,3.0,1.0,0.5,False,inf,9750,False,[]
"(1500, 1300)",7,30.0,3.0,1.0,0.25,True,12875.0,9750,True,"[(8.685674667358398, 12875), (18.061824798583984, 12875), (27.84453797340393, 12875)]"
"(1500, 1300)",7,30.0,3.0,1.0,0.25,False,12875.0,9750,True,"[(8.904921293258667, 12875), (18.20126461982727, 12875), (27.915990591049194, 12875)]"
"(1500, 1300)",7,30.0,3.0,1.0,0.5,True,12875.0,9750,True,"[(8.81659984588623, 12875), (18.55985188484192, 12875), (28.884259700775146, 12875)]"
"(1500, 1300)",7,30.0,3.0,1.0,0.5,False,12875.0,9750,True,"[(8.79844617843628, 12875), (18.434287309646606, 12875), (28.75475764274597, 12875)]"
"(1500, 1300)",7,60.0,3.0,1.0,0.25,True,12827.0,9750,True,"[(8.808922529220581, 12875), (18.12180519104004, 12875), (27.82002091407776, 12875), (37.95605397224426, 12875), (48.31446194648743, 12875), (58.84158635139465, 12827)]"
"(1500, 1300)",7,60.0,3.0,1.0,0.25,False,12827.0,9750,True,"[(8.779894590377808, 12875), (18.02263331413269, 12875), (27.883726835250854, 12875), (37.95502328872681, 12875), (48.31391167640686, 12875), (58.83885169029236, 12827)]"
"(1500, 1300)",7,60.0,3.0,1.0,0.5,True,12827.0,9750,True,"[(8.789124488830566, 12875), (18.552775382995605, 12875), (28.894916534423828, 12875), (39.257694482803345, 12827), (49.83112978935242, 12827)]"
"(1500, 1300)",7,60.0,3.0,1.0,0.5,False,12827.0,9750,True,"[(8.837149381637573, 12875), (18.64116644859314, 12875), (29.0494704246521, 12875), (39.52861952781677, 12827), (50.16883373260498, 12827)]"
"(1500, 1300)",7,120.0,3.0,1.0,0.25,True,12827.0,9750,True,"[(8.895933151245117, 12875), (18.261258363723755, 12875), (28.22789740562439, 12875), (38.37814688682556, 12875), (48.71482610702515, 12875), (59.30873489379883, 12827), (69.95394563674927, 12827), (80.71741819381714, 12827), (91.2961323261261, 12827)]"
"(1500, 1300)",7,120.0,3.0,1.0,0.25,False,12827.0,9750,True,"[(8.815266609191895, 12875), (18.320709466934204, 12875), (28.041131258010864, 12875), (38.24011182785034, 12875), (48.68394327163696, 12875), (59.287365674972534, 12827), (69.94771790504456, 12827), (80.5931830406189, 12827), (91.13248634338379, 12827)]"
"(1500, 1300)",7,120.0,3.0,1.0,0.5,True,12827.0,9750,True,"[(8.752618789672852, 12875), (18.48185706138611, 12875), (28.745649337768555, 12875), (39.171279191970825, 12827), (49.542208194732666, 12827)]"
"(1500, 1300)",7,120.0,3.0,1.0,0.5,False,12827.0,9750,True,"[(9.007519245147705, 12875), (18.630586624145508, 12875), (28.886820077896118, 12875), (39.346579790115356, 12827), (49.98504328727722, 12827)]"
"(2000, 2000)",7,0.2,2.0,1.0,0.25,True,inf,20000,False,[]
"(2000, 2000)",7,0.2,2.0,1.0,0.25,False,inf,20000,False,[]
"(2000, 2000)",7,0.2,2.0,1.0,0.5,True,inf,20000,False,[]
"(2000, 2000)",7,0.2,2.0,1.0,0.5,False,inf,20000,False,[]
"(2000, 2000)",7,1.0,2.0,1.0,0.25,True,inf,20000,False,[]
"(2000, 2000)",7,1.0,2.0,1.0,0.25,False,inf,20000,False,[]
"(2000, 2000)",7,1.0,2.0,1.0,0.5,True,inf,20000,False,[]
"(2000, 2000)",7,1.0,2.0,1.0,0.5,False,inf,20000,False,[]
"(2000, 2000)",7,3.0,2.0,1.0,0.25,True,inf,20000,False,[]
"(2000, 2000)",7,3.0,2.0,1.0,0.25,False,inf,20000,False,[]
"(2000, 2000)",7,3.0,2.0,1.0,0.5,True,inf,20000,False,[]
"(2000, 2000)",7,3.0,2.0,1.0,0.5,False,inf,20000,False,[]
"(2000, 2000)",7,30.0,2.0,1.0,0.25,True,16751.0,20000,True,"[(22.614391803741455, 16751)]"
"(2000, 2000)",7,30.0,2.0,1.0,0.25,False,16751.0,20000,True,"[(22.497612237930298, 16751)]"
"(2000, 2000)",7,30.0,2.0,1.0,0.5,True,16751.0,20000,True,"[(22.345357179641724, 16751)]"
"(2000, 2000)",7,30.0,2.0,1.0,0.5,False,16751.0,20000,True,"[(22.68411684036255, 16751)]"
"(2000, 2000)",7,60.0,2.0,1.0,0.25,True,16743.0,20000,True,"[(22.847615718841553, 16751), (47.64906692504883, 16743)]"
"(2000, 2000)",7,60.0,2.0,1.0,0.25,False,16743.0,20000,True,"[(22.873507976531982, 16751), (46.890085220336914, 16743)]"
"(2000, 2000)",7,60.0,2.0,1.0,0.5,True,16731.0,20000,True,"[(23.157870769500732, 16751), (48.13888430595398, 16731)]"
"(2000, 2000)",7,60.0,2.0,1.0,0.5,False,16731.0,20000,True,"[(23.287745475769043, 16751), (48.77538466453552, 16731)]"
"(2000, 2000)",7,120.0,2.0,1.0,0.25,True,16731.0,20000,True,"[(23.06649112701416, 16751), (47.632633209228516, 16743), (72.71211385726929, 16731), (98.49989628791809, 16731)]"
"(2000, 2000)",7,120.0,2.0,1.0,0.25,False,16731.0,20000,True,"[(23.054688930511475, 16751), (47.80142951011658, 16743), (72.95234537124634, 16731), (98.8361964225769, 16731)]"
"(2000, 2000)",7,120.0,2.0,1.0,0.5,True,16731.0,20000,True,"[(22.835195302963257, 16751), (48.0726215839386, 16731), (73.36688756942749, 16731)]"
"(2000, 2000)",7,120.0,2.0,1.0,0.5,False,16731.0,20000,True,"[(22.67877197265625, 16751), (47.70549035072327, 16731), (73.14172124862671, 16731)]"
"(2000, 2000)",7,0.2,2.5,1.0,0.25,True,inf,20000,False,[]
"(2000, 2000)",7,0.2,2.5,1.0,0.25,False,inf,20000,False,[]
"(2000, 2000)",7,0.2,2.5,1.0,0.5,True,inf,20000,False,[]
"(2000, 2000)",7,0.2,2.5,1.0,0.5,False,inf,20000,False,[]
"(2000, 2000)",7,1.0,2.5,1.0,0.25,True,inf,20000,False,[]
"(2000, 2000)",7,1.0,2.5,1.0,0.25,False,inf,20000,False,[]
"(2000, 2000)",7,1.0,2.5,1.0,0.5,True,inf,20000,False,[]
"(2000, 2000)",7,1.0,2.5,1.0,0.5,False,inf,20000,False,[]
"(2000, 2000)",7,3.0,2.5,1.0,0.25,True,inf,20000,False,[]
"(2000, 2000)",7,3.0,2.5,1.0,0.25,False,inf,20000,False,[]
"(2000, 2000)",7,3.0,2.5,1.0,0.5,True,inf,20000,False,[]
"(2000, 2000)",7,3.0,2.5,1.0,0.5,False,inf,20000,False,[]
"(2000, 2000)",7,30.0,2.5,1.0,0.25,True,16751.0,20000,True,"[(20.01313090324402, 16751)]"
"(2000, 2000)",7,30.0,2.5,1.0,0.25,False,16751.0,20000,True,"[(20.043060541152954, 16751)]"
"(2000, 2000)",7,30.0,2.5,1.0,0.5,True,16751.0,20000,True,"[(20.08678698539734, 16751)]"
"(2000, 2000)",7,30.0,2.5,1.0,0.5,False,16751.0,20000,True,"[(20.4164400100708, 16751)]"
"(2000, 2000)",7,60.0,2.5,1.0,0.25,True,16751.0,20000,True,"[(20.16355323791504, 16751), (41.795515298843384, 16751)]"
"(2000, 2000)",7,60.0,2.5,1.0,0.25,False,16751.0,20000,True,"[(20.210928916931152, 16751), (41.950477838516235, 16751)]"
"(2000, 2000)",7,60.0,2.5,1.0,0.5,True,16751.0,20000,True,"[(20.31898045539856, 16751), (43.154112339019775, 16751)]"
"(2000, 2000)",7,60.0,2.5,1.0,0.5,False,16751.0,20000,True,"[(19.938579320907593, 16751), (42.74075174331665, 16751)]"
"(2000, 2000)",7,120.0,2.5,1.0,0.25,True,16731.0,20000,True,"[(20.242457628250122, 16751), (41.90961718559265, 16751), (64.88200330734253, 16751), (89.20028734207153, 16743), (113.98299050331116, 16731)]"
"(2000, 2000)",7,120.0,2.5,1.0,0.25,False,16731.0,20000,True,"[(20.240837812423706, 16751), (42.67656850814819, 16751), (65.86649107933044, 16751), (90.29913306236267, 16743), (115.42696356773376, 16731)]"
"(2000, 2000)",7,120.0,2.5,1.0,0.5,True,16731.0,20000,True,"[(20.125970125198364, 16751), (43.25114917755127, 16751), (68.07090854644775, 16731), (92.99433612823486, 16731)]"
"(2000, 2000)",7,120.0,2.5,1.0,0.5,False,16731.0,20000,True,"[(20.073992490768433, 16751), (43.169989347457886, 16751), (68.21936225891113, 16731), (93.47140407562256, 16731)]"
"(2000, 2000)",7,0.2,3.0,1.0,0.25,True,inf,20000,False,[]
"(2000, 2000)",7,0.2,3.0,1.0,0.25,False,inf,20000,False,[]
"(2000, 2000)",7,0.2,3.0,1.0,0.5,True,inf,20000,False,[]
"(2000, 2000)",7,0.2,3.0,1.0,0.5,False,inf,20000,False,[]
"(2000, 2000)",7,1.0,3.0,1.0,0.25,True,inf,20000,False,[]
"(2000, 2000)",7,1.0,3.0,1.0,0.25,False,inf,20000,False,[]
"(2000, 2000)",7,1.0,3.0,1.0,0.5,True,inf,20000,False,[]
"(2000, 2000)",7,1.0,3.0,1.0,0.5,False,inf,20000,False,[]
"(2000, 2000)",7,3.0,3.0,1.0,0.25,True,inf,20000,False,[]
"(2000, 2000)",7,3.0,3.0,1.0,0.25,False,inf,20000,False,[]
"(2000, 2000)",7,3.0,3.0,1.0,0.5,True,inf,20000,False,[]
"(2000, 2000)",7,3.0,3.0,1.0,0.5,False,inf,20000,False,[]
"(2000, 2000)",7,30.0,3.0,1.0,0.25,True,16897.0,20000,True,"[(16.310967445373535, 16897)]"
"(2000, 2000)",7,30.0,3.0,1.0,0.25,False,16897.0,20000,True,"[(16.21682596206665, 16897)]"
"(2000, 2000)",7,30.0,3.0,1.0,0.5,True,16897.0,20000,True,"[(16.30521059036255, 16897)]"
"(2000, 2000)",7,30.0,3.0,1.0,0.5,False,16897.0,20000,True,"[(16.4033420085907, 16897)]"
"(2000, 2000)",7,60.0,3.0,1.0,0.25,True,16751.0,20000,True,"[(16.363511085510254, 16897), (34.954604387283325, 16813), (55.279961824417114, 16751)]"
"(2000, 2000)",7,60.0,3.0,1.0,0.25,False,16751.0,20000,True,"[(16.890474557876587, 16897), (35.367026567459106, 16813), (55.94714856147766, 16751)]"
"(2000, 2000)",7,60.0,3.0,1.0,0.5,True,16751.0,20000,True,"[(16.424283742904663, 16897), (36.68679404258728, 16751), (59.601248264312744, 16751)]"
"(2000, 2000)",7,60.0,3.0,1.0,0.5,False,16751.0,20000,True,"[(16.643856048583984, 16897), (37.09309697151184, 16751), (59.80562782287598, 16751)]"
"(2000, 2000)",7,120.0,3.0,1.0,0.25,True,16751.0,20000,True,"[(16.375905990600586, 16897), (34.887062072753906, 16813), (55.39953684806824, 16751), (77.07288956642151, 16751), (100.05391216278076, 16751)]"
"(2000, 2000)",7,120.0,3.0,1.0,0.25,False,16751.0,20000,True,"[(16.767804384231567, 16897), (35.622411251068115, 16813), (55.85465216636658, 16751), (77.62188982963562, 16751), (100.77444505691528, 16751)]"
"(2000, 2000)",7,120.0,3.0,1.0,0.5,True,16731.0,20000,True,"[(16.39209794998169, 16897), (36.89114189147949, 16751), (59.70137119293213, 16751), (84.60488104820251, 16731), (109.66949558258057, 16731)]"
"(2000, 2000)",7,120.0,3.0,1.0,0.5,False,16731.0,20000,True,"[(16.754002332687378, 16897), (37.090383768081665, 16751), (60.089349031448364, 16751), (85.07816433906555, 16731), (110.19445037841797, 16731)]"
