size,seed,max_time,w_start,w_end,w_step,manhattan,length,openings,found,solutions,name
"(1000, 1000)",7,0.2,,,0.25,True,inf,0,False,[],Greedy Best First
"(1000, 1000)",7,0.2,2.5,1.0,0.25,True,inf,0,False,[],AW-A*
"(1000, 1000)",7,0.2,1.0,1.0,0.25,True,inf,0,False,[],A*
"(1000, 1000)",7,0.2,,,0.25,False,inf,0,False,[],Greedy Best First
"(1000, 1000)",7,0.2,2.5,1.0,0.25,False,inf,0,False,[],AW-A*
"(1000, 1000)",7,0.2,1.0,1.0,0.25,False,inf,0,False,[],A*
"(1000, 1000)",7,0.2,,,0.5,True,inf,0,False,[],Greedy Best First
"(1000, 1000)",7,0.2,2.5,1.0,0.5,True,inf,0,False,[],AW-A*
"(1000, 1000)",7,0.2,1.0,1.0,0.5,True,inf,0,False,[],A*
"(1000, 1000)",7,0.2,,,0.5,False,inf,0,False,[],Greedy Best First
"(1000, 1000)",7,0.2,2.5,1.0,0.5,False,inf,0,False,[],AW-A*
"(1000, 1000)",7,0.2,1.0,1.0,0.5,False,inf,0,False,[],A*
"(1000, 1000)",7,1.0,,,0.25,True,inf,0,False,[],Greedy Best First
"(1000, 1000)",7,1.0,2.5,1.0,0.25,True,inf,0,False,[],AW-A*
"(1000, 1000)",7,1.0,1.0,1.0,0.25,True,inf,0,False,[],A*
"(1000, 1000)",7,1.0,,,0.25,False,inf,0,False,[],Greedy Best First
"(1000, 1000)",7,1.0,2.5,1.0,0.25,False,inf,0,False,[],AW-A*
"(1000, 1000)",7,1.0,1.0,1.0,0.25,False,inf,0,False,[],A*
"(1000, 1000)",7,1.0,,,0.5,True,inf,0,False,[],Greedy Best First
"(1000, 1000)",7,1.0,2.5,1.0,0.5,True,inf,0,False,[],AW-A*
"(1000, 1000)",7,1.0,1.0,1.0,0.5,True,inf,0,False,[],A*
"(1000, 1000)",7,1.0,,,0.5,False,inf,0,False,[],Greedy Best First
"(1000, 1000)",7,1.0,2.5,1.0,0.5,False,inf,0,False,[],AW-A*
"(1000, 1000)",7,1.0,1.0,1.0,0.5,False,inf,0,False,[],A*
"(1000, 1000)",7,3.0,,,0.25,True,inf,0,True,"[(1.2472095489501953, 52985), (2.5329864025115967, 52985)]",Greedy Best First
"(1000, 1000)",7,3.0,2.5,1.0,0.25,True,52985.0,0,True,"[(1.1902360916137695, 52985), (2.2946691513061523, 52985)]",AW-A*
"(1000, 1000)",7,3.0,1.0,1.0,0.25,True,52985.0,0,True,"[(1.2126169204711914, 52985)]",A*
"(1000, 1000)",7,3.0,,,0.25,False,inf,0,True,"[(1.2645399570465088, 52985), (2.5064857006073, 52985)]",Greedy Best First
"(1000, 1000)",7,3.0,2.5,1.0,0.25,False,52985.0,0,True,"[(1.1502516269683838, 52985), (2.3225197792053223, 52985)]",AW-A*
"(1000, 1000)",7,3.0,1.0,1.0,0.25,False,52985.0,0,True,"[(1.2055153846740723, 52985)]",A*
"(1000, 1000)",7,3.0,,,0.5,True,inf,0,True,"[(1.261364221572876, 52985), (2.5605969429016113, 52985)]",Greedy Best First
"(1000, 1000)",7,3.0,2.5,1.0,0.5,True,52985.0,0,True,"[(1.1138880252838135, 52985), (2.3387844562530518, 52985)]",AW-A*
"(1000, 1000)",7,3.0,1.0,1.0,0.5,True,52985.0,0,True,"[(1.2266478538513184, 52985)]",A*
"(1000, 1000)",7,3.0,,,0.5,False,inf,0,True,"[(1.263899326324463, 52985), (2.507178544998169, 52985)]",Greedy Best First
"(1000, 1000)",7,3.0,2.5,1.0,0.5,False,52985.0,0,True,"[(1.14414381980896, 52985), (2.3159570693969727, 52985)]",AW-A*
"(1000, 1000)",7,3.0,1.0,1.0,0.5,False,52985.0,0,True,"[(1.2037434577941895, 52985)]",A*
"(1000, 1000)",7,30.0,,,0.25,True,inf,0,True,"[(1.3080389499664307, 52985), (2.5517280101776123, 52985), (3.8475840091705322, 52985), (5.090009689331055, 52985), (6.373157262802124, 52985), (7.668127775192261, 52985), (8.911359548568726, 52985), (10.1962251663208, 52985), (11.527576446533203, 52985), (12.776423692703247, 52985), (14.070592164993286, 52985), (15.312345504760742, 52985), (16.59508991241455, 52985), (17.896307945251465, 52985), (19.14020609855652, 52985), (20.424837589263916, 52985), (21.75965905189514, 52985), (23.00252056121826, 52985), (24.291517734527588, 52985), (25.592618227005005, 52985), (26.84777045249939, 52985), (28.140345573425293, 52985), (29.385005235671997, 52985)]",Greedy Best First
"(1000, 1000)",7,30.0,2.5,1.0,0.25,True,52985.0,0,True,"[(1.1221215724945068, 52985), (2.3443446159362793, 52985), (3.46354341506958, 52985), (4.6260974407196045, 52985), (5.882833003997803, 52985), (7.1193811893463135, 52985), (8.284251689910889, 52985)]",AW-A*
"(1000, 1000)",7,30.0,1.0,1.0,0.25,True,52985.0,0,True,"[(1.282813549041748, 52985)]",A*
"(1000, 1000)",7,30.0,,,0.25,False,inf,0,True,"[(1.2093901634216309, 52985), (2.4945731163024902, 52985), (3.793853521347046, 52985), (5.037840843200684, 52985), (6.329975843429565, 52985), (7.570605516433716, 52985), (8.859752655029297, 52985), (10.179803371429443, 52985), (11.419493913650513, 52985), (12.704973459243774, 52985), (14.00412130355835, 52985), (15.246962785720825, 52985), (16.53623676300049, 52985), (17.83481740951538, 52985), (19.113874912261963, 52985), (20.399847984313965, 52985), (21.641499519348145, 52985), (22.926093339920044, 52985), (24.223633527755737, 52985), (25.46695351600647, 52985), (26.752243518829346, 52985), (28.04670524597168, 52985), (29.322731971740723, 52985)]",Greedy Best First
"(1000, 1000)",7,30.0,2.5,1.0,0.25,False,52985.0,0,True,"[(1.1244044303894043, 52985), (2.270569086074829, 52985), (3.509678840637207, 52985), (4.7192771434783936, 52985), (5.858327150344849, 52985), (7.1241748332977295, 52985), (8.304094076156616, 52985)]",AW-A*
"(1000, 1000)",7,30.0,1.0,1.0,0.25,False,52985.0,0,True,"[(1.2039077281951904, 52985)]",A*
"(1000, 1000)",7,30.0,,,0.5,True,inf,0,True,"[(1.2121872901916504, 52985), (2.489794969558716, 52985), (3.784808397293091, 52985), (5.033908843994141, 52985), (6.317850351333618, 52985), (7.640926361083984, 52985), (8.894582033157349, 52985), (10.180169105529785, 52985), (11.479296922683716, 52985), (12.723474264144897, 52985), (14.016565322875977, 52985), (15.319884777069092, 52985), (16.567370176315308, 52985), (17.8891122341156, 52985), (19.187367916107178, 52985), (20.43872880935669, 52985), (21.71565842628479, 52985), (23.006396293640137, 52985), (24.243090867996216, 52985), (25.52169919013977, 52985), (26.814128637313843, 52985), (28.092106103897095, 52985), (29.371129512786865, 52985)]",Greedy Best First
"(1000, 1000)",7,30.0,2.5,1.0,0.5,True,52985.0,0,True,"[(1.1254222393035889, 52985), (2.2904582023620605, 52985), (3.46772837638855, 52985), (4.739768981933594, 52985)]",AW-A*
"(1000, 1000)",7,30.0,1.0,1.0,0.5,True,52985.0,0,True,"[(1.2235333919525146, 52985)]",A*
"(1000, 1000)",7,30.0,,,0.5,False,inf,0,True,"[(1.202451467514038, 52985), (2.47643780708313, 52985), (3.7681000232696533, 52985), (5.004887342453003, 52985), (6.29145073890686, 52985), (7.586581230163574, 52985), (8.829845905303955, 52985), (10.155076742172241, 52985), (11.45200800895691, 52985), (12.69115161895752, 52985), (13.979971170425415, 52985), (15.217077255249023, 52985), (16.50937819480896, 52985), (17.8030948638916, 52985), (19.062255382537842, 52985), (20.36736536026001, 52985), (21.664615392684937, 52985), (22.92068648338318, 52985), (24.211175203323364, 52985), (25.45968794822693, 52985), (26.769140005111694, 52985), (28.085657358169556, 52985), (29.35739803314209, 52985)]",Greedy Best First
"(1000, 1000)",7,30.0,2.5,1.0,0.5,False,52985.0,0,True,"[(1.1210248470306396, 52985), (2.35848331451416, 52985), (3.497551441192627, 52985), (4.780352830886841, 52985)]",AW-A*
"(1000, 1000)",7,30.0,1.0,1.0,0.5,False,52985.0,0,True,"[(1.217198133468628, 52985)]",A*
"(1000, 1000)",7,60.0,,,0.25,True,inf,0,True,"[(1.218196153640747, 52985), (2.543691396713257, 52985), (3.8559091091156006, 52985), (5.111157655715942, 52985), (6.407235145568848, 52985), (7.716908931732178, 52985), (8.976337671279907, 52985), (10.278512716293335, 52985), (11.56069302558899, 52985), (12.85629916191101, 52985), (14.160850763320923, 52985), (15.416221141815186, 52985), (16.712186336517334, 52985), (18.019319534301758, 52985), (19.276268482208252, 52985), (20.580965280532837, 52985), (21.930588245391846, 52985), (23.186747074127197, 52985), (24.487059831619263, 52985), (25.7356538772583, 52985), (27.024260759353638, 52985), (28.3285653591156, 52985), (29.583048105239868, 52985), (30.887633323669434, 52985), (32.218966245651245, 52985), (33.46908116340637, 52985), (34.785529375076294, 52985), (36.09465265274048, 52985), (37.34759545326233, 52985), (38.64765000343323, 52985), (39.89915060997009, 52985), (41.1974618434906, 52985), (42.523003339767456, 52985), (43.770439863204956, 52985), (45.06525540351868, 52985), (46.373602867126465, 52985), (47.634535789489746, 52985), (48.93336796760559, 52985), (50.246254205703735, 52985), (51.52996492385864, 52985), (52.82947492599487, 52985), (54.08082056045532, 52985), (55.373419761657715, 52985), (56.67931079864502, 52985), (57.9316291809082, 52985), (59.233280181884766, 52985)]",Greedy Best First
"(1000, 1000)",7,60.0,2.5,1.0,0.25,True,52985.0,0,True,"[(1.1551291942596436, 52985), (2.3095951080322266, 52985), (3.5627498626708984, 52985), (4.694596767425537, 52985), (5.9561378955841064, 52985), (7.192157030105591, 52985), (8.440154075622559, 52985)]",AW-A*
"(1000, 1000)",7,60.0,1.0,1.0,0.25,True,52985.0,0,True,"[(1.2182109355926514, 52985)]",A*
"(1000, 1000)",7,60.0,,,0.25,False,inf,0,True,"[(1.2225489616394043, 52985), (2.516331911087036, 52985), (3.764244318008423, 52985), (5.053192853927612, 52985), (6.358031511306763, 52985), (7.607594013214111, 52985), (8.90053939819336, 52985), (10.23877739906311, 52985), (11.484963655471802, 52985), (12.776305675506592, 52985), (14.08251142501831, 52985), (15.33919644355774, 52985), (16.64073419570923, 52985), (17.88620924949646, 52985), (19.18539834022522, 52985), (20.50598907470703, 52985), (21.754279136657715, 52985), (23.049164056777954, 52985), (24.292750358581543, 52985), (25.5735604763031, 52985), (26.8729305267334, 52985), (28.12024450302124, 52985), (29.41413640975952, 52985), (30.7355854511261, 52985), (31.97868037223816, 52985), (33.26697134971619, 52985), (34.56918978691101, 52985), (35.821791648864746, 52985), (37.11024761199951, 52985), (38.415393590927124, 52985), (39.678760290145874, 52985), (40.99022173881531, 52985), (42.2962121963501, 52985), (43.55114555358887, 52985), (44.85284948348999, 52985), (46.1000816822052, 52985), (47.395618200302124, 52985), (48.700578451156616, 52985), (49.980467319488525, 52985), (51.26981854438782, 52985), (52.57588052749634, 52985), (53.82931423187256, 52985), (55.12352752685547, 52985), (56.37000036239624, 52985), (57.66021132469177, 52985), (58.9651243686676, 52985)]",Greedy Best First
"(1000, 1000)",7,60.0,2.5,1.0,0.25,False,52985.0,0,True,"[(1.131113052368164, 52985), (2.2919840812683105, 52985), (3.4650936126708984, 52985), (4.639371871948242, 52985), (5.894623517990112, 52985), (7.044550657272339, 52985), (8.3254714012146, 52985)]",AW-A*
"(1000, 1000)",7,60.0,1.0,1.0,0.25,False,52985.0,0,True,"[(1.231776237487793, 52985)]",A*
"(1000, 1000)",7,60.0,,,0.5,True,inf,0,True,"[(1.220155954360962, 52985), (2.549014091491699, 52985), (3.858018636703491, 52985), (5.131959676742554, 52985), (6.4294517040252686, 52985), (7.750569581985474, 52985), (9.036338329315186, 52985), (10.391817331314087, 52985), (11.64078950881958, 52985), (12.93800687789917, 52985), (14.277038097381592, 52985), (15.55884051322937, 52985), (16.878023862838745, 52985), (18.229560375213623, 52985), (19.509700059890747, 52985), (20.810070991516113, 52985), (22.11962056159973, 52985), (23.374330759048462, 52985), (24.67608070373535, 52985), (25.933510541915894, 52985), (27.24733304977417, 52985), (28.592166900634766, 52985), (29.843971967697144, 52985), (31.144554376602173, 52985), (32.46692514419556, 52985), (33.7294237613678, 52985), (35.033300161361694, 52985), (36.37087440490723, 52985), (37.63692045211792, 52985), (38.9592022895813, 52985), (40.215962171554565, 52985), (41.505961179733276, 52985), (42.824719190597534, 52985), (44.09589886665344, 52985), (45.40594983100891, 52985), (46.71483826637268, 52985), (48.0107364654541, 52985), (49.33073973655701, 52985), (50.640894174575806, 52985), (51.898563861846924, 52985), (53.20080304145813, 52985), (54.47275519371033, 52985), (55.78575682640076, 52985), (57.08987283706665, 52985), (58.39292573928833, 52985), (59.690414905548096, 52985)]",Greedy Best First
"(1000, 1000)",7,60.0,2.5,1.0,0.5,True,52985.0,0,True,"[(1.18623948097229, 52985), (2.3858540058135986, 52985), (3.6081624031066895, 52985), (4.772836208343506, 52985)]",AW-A*
"(1000, 1000)",7,60.0,1.0,1.0,0.5,True,52985.0,0,True,"[(1.255181074142456, 52985)]",A*
"(1000, 1000)",7,60.0,,,0.5,False,inf,0,True,"[(1.2192299365997314, 52985), (2.505016326904297, 52985), (3.8080406188964844, 52985), (5.055537223815918, 52985), (6.347691535949707, 52985), (7.652281761169434, 52985), (8.90134072303772, 52985), (10.219493627548218, 52985), (11.47020435333252, 52985), (12.751688003540039, 52985), (14.055562496185303, 52985), (15.300483703613281, 52985), (16.58756113052368, 52985), (17.886165618896484, 52985), (19.1309757232666, 52985), (20.4529230594635, 52985), (21.75350260734558, 52985), (23.006808757781982, 52985), (24.30921769142151, 52985), (25.55473279953003, 52985), (26.838375329971313, 52985), (28.145566701889038, 52985), (29.39061689376831, 52985), (30.711732625961304, 52985), (31.95108151435852, 52985), (33.23257613182068, 52985), (34.530285358428955, 52985), (35.7731511592865, 52985), (37.058409214019775, 52985), (38.35378861427307, 52985), (39.600282192230225, 52985), (40.914794921875, 52985), (42.210169076919556, 52985), (43.455119609832764, 52985), (44.74524688720703, 52985), (46.04668474197388, 52985), (47.29189872741699, 52985), (48.58114314079285, 52985), (49.88462495803833, 52985), (51.16339707374573, 52985), (52.45917296409607, 52985), (53.7033314704895, 52985), (54.993104696273804, 52985), (56.29616928100586, 52985), (57.54219198226929, 52985), (58.82936716079712, 52985)]",Greedy Best First
"(1000, 1000)",7,60.0,2.5,1.0,0.5,False,52985.0,0,True,"[(1.1852214336395264, 52985), (2.3817906379699707, 52985), (3.6075687408447266, 52985), (4.77285623550415, 52985)]",AW-A*
"(1000, 1000)",7,60.0,1.0,1.0,0.5,False,52985.0,0,True,"[(1.2513675689697266, 52985)]",A*
"(1000, 1000)",7,120.0,,,0.25,True,inf,0,True,"[(1.2251136302947998, 52985), (2.547255277633667, 52985), (3.8540706634521484, 52985), (5.102323293685913, 52985), (6.407232761383057, 52985), (7.709320068359375, 52985), (8.960136413574219, 52985), (10.251493692398071, 52985), (11.602391958236694, 52985), (12.875811100006104, 52985), (14.185892820358276, 52985), (15.490776777267456, 52985), (16.757097959518433, 52985), (18.05751609802246, 52985), (19.36587643623352, 52985), (20.649918794631958, 52985), (21.95896553993225, 52985), (23.293565034866333, 52985), (24.5528781414032, 52985), (25.850884437561035, 52985), (27.099502325057983, 52985), (28.428887367248535, 52985), (29.729616403579712, 52985), (30.98016619682312, 52985), (32.31112742424011, 52985), (33.615782260894775, 52985), (34.86615777015686, 52985), (36.205244302749634, 52985), (37.51675033569336, 52985), (38.79734516143799, 52985), (40.1234347820282, 52985), (41.43462657928467, 52985), (42.74469041824341, 52985), (44.06376099586487, 52985), (45.31615138053894, 52985), (46.620198011398315, 52985), (47.92555117607117, 52985), (49.199907064437866, 52985), (50.49395680427551, 52985), (51.815816164016724, 52985), (53.09668278694153, 52985), (54.39216208457947, 52985), (55.699121952056885, 52985), (56.95214653015137, 52985), (58.25163269042969, 52985), (59.49954319000244, 52985), (60.78789281845093, 52985), (62.126784563064575, 52985), (63.3744637966156, 52985), (64.66856622695923, 52985), (65.97609543800354, 52985), (67.22925186157227, 52985), (68.52787208557129, 52985), (69.83527612686157, 52985), (71.08772611618042, 52985), (72.42094564437866, 52985), (73.6647596359253, 52985), (74.98518872261047, 52985), (76.28737711906433, 52985), (77.57408237457275, 52985), (78.86297369003296, 52985), (80.18129467964172, 52985), (81.45340633392334, 52985), (82.79561305046082, 52985), (84.1042206287384, 52985), (85.36651492118835, 52985), (86.68220067024231, 52985), (87.93934059143066, 52985), (89.24451780319214, 52985), (90.54932808876038, 52985), (91.81146883964539, 52985), (93.13838648796082, 52985), (94.45080375671387, 52985), (95.70629405975342, 52985), (97.01038026809692, 52985), (98.3834125995636, 52985), (99.64108347892761, 52985), (100.94432592391968, 52985), (102.23120760917664, 52985), (103.52256727218628, 52985), (104.8276994228363, 52985), (106.09007740020752, 52985), (107.42056035995483, 52985), (108.72762608528137, 52985), (109.97845578193665, 52985), (111.27472138404846, 52985), (112.61705255508423, 52985), (113.86609625816345, 52985), (115.1619348526001, 52985), (116.40601420402527, 52985), (117.72273206710815, 52985), (119.02646112442017, 52985)]",Greedy Best First
"(1000, 1000)",7,120.0,2.5,1.0,0.25,True,52985.0,0,True,"[(1.1287784576416016, 52985), (2.3170089721679688, 52985), (3.4708971977233887, 52985), (4.715419292449951, 52985), (5.940139293670654, 52985), (7.093422174453735, 52985), (8.382137298583984, 52985)]",AW-A*
"(1000, 1000)",7,120.0,1.0,1.0,0.25,True,52985.0,0,True,"[(1.2217886447906494, 52985)]",A*
"(1000, 1000)",7,120.0,,,0.25,False,inf,0,True,"[(1.237194299697876, 52985), (2.524261236190796, 52985), (3.8223414421081543, 52985), (5.071156740188599, 52985), (6.369845151901245, 52985), (7.611890554428101, 52985), (8.90384578704834, 52985), (10.230350494384766, 52985), (11.476350545883179, 52985), (12.767252445220947, 52985), (14.075480937957764, 52985), (15.32663893699646, 52985), (16.62512969970703, 52985), (17.869681358337402, 52985), (19.156180143356323, 52985), (20.492909908294678, 52985), (21.734076261520386, 52985), (23.0235915184021, 52985), (24.32589626312256, 52985), (25.577850341796875, 52985), (26.876423120498657, 52985), (28.123303174972534, 52985), (29.41310453414917, 52985), (30.74792242050171, 52985), (31.993109703063965, 52985), (33.27920603752136, 52985), (34.525275468826294, 52985), (35.80672359466553, 52985), (37.10136556625366, 52985), (38.34332036972046, 52985), (39.63644766807556, 52985), (40.95540928840637, 52985), (42.195785999298096, 52985), (43.480146408081055, 52985), (44.77630949020386, 52985), (46.023499727249146, 52985), (47.31206464767456, 52985), (48.61219906806946, 52985), (49.86546087265015, 52985), (51.17720174789429, 52985), (52.47830247879028, 52985), (53.72713661193848, 52985), (55.02189755439758, 52985), (56.267054319381714, 52985), (57.555787086486816, 52985), (58.85684657096863, 52985), (60.10938239097595, 52985), (61.42119526863098, 52985), (62.72270965576172, 52985), (63.97071862220764, 52985), (65.26971411705017, 52985), (66.51816749572754, 52985), (67.80678415298462, 52985), (69.11580109596252, 52985), (70.37315320968628, 52985), (71.68802905082703, 52985), (72.99453091621399, 52985), (74.24579763412476, 52985), (75.5443503856659, 52985), (76.79026007652283, 52985), (78.07780528068542, 52985), (79.38122296333313, 52985), (80.66830611228943, 52985), (81.95909094810486, 52985), (83.26442623138428, 52985), (84.51776218414307, 52985), (85.82132720947266, 52985), (87.06372213363647, 52985), (88.35037422180176, 52985), (89.64981412887573, 52985), (90.9292562007904, 52985), (92.2148904800415, 52985), (93.52005338668823, 52985), (94.76747989654541, 52985), (96.06186747550964, 52985), (97.36625266075134, 52985), (98.61555600166321, 52985), (99.91278576850891, 52985), (101.19045639038086, 52985), (102.47743511199951, 52985), (103.78304886817932, 52985), (105.03407764434814, 52985), (106.32840394973755, 52985), (107.6337571144104, 52985), (108.88454699516296, 52985), (110.17988753318787, 52985), (111.45839238166809, 52985), (112.74735236167908, 52985), (114.04970645904541, 52985), (115.29537653923035, 52985), (116.59146308898926, 52985), (117.89422845840454, 52985), (119.14359641075134, 52985)]",Greedy Best First
"(1000, 1000)",7,120.0,2.5,1.0,0.25,False,52985.0,0,True,"[(1.125063419342041, 52985), (2.3568167686462402, 52985), (3.5598270893096924, 52985), (4.6907384395599365, 52985), (5.950751543045044, 52985), (7.1031739711761475, 52985), (8.394246101379395, 52985)]",AW-A*
"(1000, 1000)",7,120.0,1.0,1.0,0.25,False,52985.0,0,True,"[(1.2586405277252197, 52985)]",A*
"(1000, 1000)",7,120.0,,,0.5,True,inf,0,True,"[(1.2245066165924072, 52985), (2.5169451236724854, 52985), (3.82331919670105, 52985), (5.081415414810181, 52985), (6.380349397659302, 52985), (7.686922311782837, 52985), (8.974239826202393, 52985), (10.274302959442139, 52985), (11.522469758987427, 52985), (12.81139588356018, 52985), (14.115773916244507, 52985), (15.36887264251709, 52985), (16.676369667053223, 52985), (18.00230622291565, 52985), (19.27911639213562, 52985), (20.581183433532715, 52985), (21.894572257995605, 52985), (23.15441107749939, 52985), (24.462267875671387, 52985), (25.71560525894165, 52985), (27.008899688720703, 52985), (28.335986137390137, 52985), (29.6045982837677, 52985), (30.90943217277527, 52985), (32.2255597114563, 52985), (33.48663091659546, 52985), (34.79196810722351, 52985), (36.11182165145874, 52985), (37.37504529953003, 52985), (38.70662474632263, 52985), (39.965096950531006, 52985), (41.26205897331238, 52985), (42.569727182388306, 52985), (43.83009362220764, 52985), (45.13587546348572, 52985), (46.44824004173279, 52985), (47.7066011428833, 52985), (49.04200625419617, 52985), (50.35820722579956, 52985), (51.620059967041016, 52985), (52.92654347419739, 52985), (54.18195915222168, 52985), (55.47623562812805, 52985), (56.784546852111816, 52985), (58.06031155586243, 52985), (59.37739896774292, 52985), (60.694852352142334, 52985), (61.9585485458374, 52985), (63.265963077545166, 52985), (64.5825126171112, 52985), (65.84235787391663, 52985), (67.14802360534668, 52985), (68.42219376564026, 52985), (69.72899270057678, 52985), (71.03867530822754, 52985), (72.29516458511353, 52985), (73.59559035301208, 52985), (74.90974545478821, 52985), (76.16689586639404, 52985), (77.46741056442261, 52985), (78.80396151542664, 52985), (80.06320929527283, 52985), (81.36945796012878, 52985), (82.6238648891449, 52985), (83.91726088523865, 52985), (85.22766256332397, 52985), (86.48299789428711, 52985), (87.78324818611145, 52985), (89.12914967536926, 52985), (90.38772296905518, 52985), (91.69110178947449, 52985), (93.0049340724945, 52985), (94.26534414291382, 52985), (95.57680296897888, 52985), (96.83302140235901, 52985), (98.13862466812134, 52985), (99.47099661827087, 52985), (100.73308491706848, 52985), (102.03690147399902, 52985), (103.35192656517029, 52985), (104.61434245109558, 52985), (105.91920065879822, 52985), (107.2342677116394, 52985), (108.50916290283203, 52985), (109.82817459106445, 52985), (111.08636951446533, 52985), (112.37962460517883, 52985), (113.68978023529053, 52985), (114.9487874507904, 52985), (116.2481803894043, 52985), (117.5659658908844, 52985), (118.84605169296265, 52985)]",Greedy Best First
"(1000, 1000)",7,120.0,2.5,1.0,0.5,True,52985.0,0,True,"[(1.1647744178771973, 52985), (2.361454963684082, 52985), (3.5872642993927, 52985), (4.838820219039917, 52985)]",AW-A*
"(1000, 1000)",7,120.0,1.0,1.0,0.5,True,52985.0,0,True,"[(1.2173714637756348, 52985)]",A*
"(1000, 1000)",7,120.0,,,0.5,False,inf,0,True,"[(1.247617244720459, 52985), (2.5382933616638184, 52985), (3.842099666595459, 52985), (5.096916437149048, 52985), (6.3930933475494385, 52985), (7.699957847595215, 52985), (8.952386617660522, 52985), (10.276089668273926, 52985), (11.581599712371826, 52985), (12.830705642700195, 52985), (14.125114440917969, 52985), (15.36668848991394, 52985), (16.65550136566162, 52985), (17.958808660507202, 52985), (19.204057931900024, 52985), (20.522493600845337, 52985), (21.83053946495056, 52985), (23.07556462287903, 52985), (24.368135452270508, 52985), (25.608879804611206, 52985), (26.898462295532227, 52985), (28.19895339012146, 52985), (29.44299817085266, 52985), (30.75809407234192, 52985), (32.06935429573059, 52985), (33.318833351135254, 52985), (34.61380577087402, 52985), (35.859291076660156, 52985), (37.145336866378784, 52985), (38.44794464111328, 52985), (39.693077087402344, 52985), (41.01553726196289, 52985), (42.31478309631348, 52985), (43.562838077545166, 52985), (44.8569769859314, 52985), (46.09998345375061, 52985), (47.38304352760315, 52985), (48.6837477684021, 52985), (49.93462562561035, 52985), (51.25288224220276, 52985), (52.553894996643066, 52985), (53.79863715171814, 52985), (55.09050393104553, 52985), (56.39218759536743, 52985), (57.642406702041626, 52985), (58.93629550933838, 52985), (60.18031883239746, 52985), (61.50251483917236, 52985), (62.80342960357666, 52985), (64.04729008674622, 52985), (65.33706760406494, 52985), (66.63971209526062, 52985), (67.88982963562012, 52985), (69.1867024898529, 52985), (70.44219875335693, 52985), (71.75468325614929, 52985), (73.05513548851013, 52985), (74.30003356933594, 52985), (75.591383934021, 52985), (76.89369058609009, 52985), (78.14514470100403, 52985), (79.43954014778137, 52985), (80.71620798110962, 52985), (82.00260496139526, 52985), (83.30385828018188, 52985), (84.5531792640686, 52985), (85.84625673294067, 52985), (87.1570475101471, 52985), (88.40420246124268, 52985), (89.69716334342957, 52985), (90.97279524803162, 52985), (92.25398445129395, 52985), (93.55096673965454, 52985), (94.79478287696838, 52985), (96.08728003501892, 52985), (97.38974380493164, 52985), (98.63544178009033, 52985), (99.92529106140137, 52985), (101.26205086708069, 52985), (102.50641942024231, 52985), (103.79569983482361, 52985), (105.03660821914673, 52985), (106.32348942756653, 52985), (107.62442541122437, 52985), (108.86828684806824, 52985), (110.18733358383179, 52985), (111.49204230308533, 52985), (112.740079164505, 52985), (114.03220248222351, 52985), (115.27257919311523, 52985), (116.5576684474945, 52985), (117.85770750045776, 52985), (119.10020804405212, 52985)]",Greedy Best First
"(1000, 1000)",7,120.0,2.5,1.0,0.5,False,52985.0,0,True,"[(1.2052369117736816, 52985), (2.4070804119110107, 52985), (3.638338565826416, 52985), (4.8929667472839355, 52985)]",AW-A*
"(1000, 1000)",7,120.0,1.0,1.0,0.5,False,52985.0,0,True,"[(1.224992036819458, 52985)]",A*
"(1000, 1000)",7,0.2,,,0.25,True,inf,50,False,[],Greedy Best First
"(1000, 1000)",7,0.2,2.5,1.0,0.25,True,inf,50,False,[],AW-A*
"(1000, 1000)",7,0.2,1.0,1.0,0.25,True,inf,50,False,[],A*
"(1000, 1000)",7,0.2,,,0.25,False,inf,50,False,[],Greedy Best First
"(1000, 1000)",7,0.2,2.5,1.0,0.25,False,inf,50,False,[],AW-A*
"(1000, 1000)",7,0.2,1.0,1.0,0.25,False,inf,50,False,[],A*
"(1000, 1000)",7,0.2,,,0.5,True,inf,50,False,[],Greedy Best First
"(1000, 1000)",7,0.2,2.5,1.0,0.5,True,inf,50,False,[],AW-A*
"(1000, 1000)",7,0.2,1.0,1.0,0.5,True,inf,50,False,[],A*
"(1000, 1000)",7,0.2,,,0.5,False,inf,50,False,[],Greedy Best First
"(1000, 1000)",7,0.2,2.5,1.0,0.5,False,inf,50,False,[],AW-A*
"(1000, 1000)",7,0.2,1.0,1.0,0.5,False,inf,50,False,[],A*
"(1000, 1000)",7,1.0,,,0.25,True,inf,50,False,[],Greedy Best First
"(1000, 1000)",7,1.0,2.5,1.0,0.25,True,inf,50,False,[],AW-A*
"(1000, 1000)",7,1.0,1.0,1.0,0.25,True,inf,50,False,[],A*
"(1000, 1000)",7,1.0,,,0.25,False,inf,50,False,[],Greedy Best First
"(1000, 1000)",7,1.0,2.5,1.0,0.25,False,inf,50,False,[],AW-A*
"(1000, 1000)",7,1.0,1.0,1.0,0.25,False,inf,50,False,[],A*
"(1000, 1000)",7,1.0,,,0.5,True,inf,50,False,[],Greedy Best First
"(1000, 1000)",7,1.0,2.5,1.0,0.5,True,inf,50,False,[],AW-A*
"(1000, 1000)",7,1.0,1.0,1.0,0.5,True,inf,50,False,[],A*
"(1000, 1000)",7,1.0,,,0.5,False,inf,50,False,[],Greedy Best First
"(1000, 1000)",7,1.0,2.5,1.0,0.5,False,inf,50,False,[],AW-A*
"(1000, 1000)",7,1.0,1.0,1.0,0.5,False,inf,50,False,[],A*
"(1000, 1000)",7,3.0,,,0.25,True,inf,50,True,"[(1.2206246852874756, 52849), (2.5193450450897217, 52849)]",Greedy Best First
"(1000, 1000)",7,3.0,2.5,1.0,0.25,True,52849.0,50,True,"[(1.4352529048919678, 52849), (2.949392557144165, 52849)]",AW-A*
"(1000, 1000)",7,3.0,1.0,1.0,0.25,True,52849.0,50,True,"[(1.4597687721252441, 52849)]",A*
"(1000, 1000)",7,3.0,,,0.25,False,inf,50,True,"[(1.2633798122406006, 52849), (2.5097439289093018, 52849)]",Greedy Best First
"(1000, 1000)",7,3.0,2.5,1.0,0.25,False,52849.0,50,True,"[(1.5053021907806396, 52849), (2.960706949234009, 52849)]",AW-A*
"(1000, 1000)",7,3.0,1.0,1.0,0.25,False,52849.0,50,True,"[(1.4454574584960938, 52849)]",A*
"(1000, 1000)",7,3.0,,,0.5,True,inf,50,True,"[(1.2712695598602295, 52849), (2.596569299697876, 52849)]",Greedy Best First
"(1000, 1000)",7,3.0,2.5,1.0,0.5,True,52849.0,50,True,"[(1.4533061981201172, 52849), (2.9545819759368896, 52849)]",AW-A*
"(1000, 1000)",7,3.0,1.0,1.0,0.5,True,52849.0,50,True,"[(1.5265421867370605, 52849)]",A*
"(1000, 1000)",7,3.0,,,0.5,False,inf,50,True,"[(1.2190535068511963, 52849), (2.5032074451446533, 52849)]",Greedy Best First
"(1000, 1000)",7,3.0,2.5,1.0,0.5,False,52849.0,50,True,"[(1.3952219486236572, 52849), (2.934176206588745, 52849)]",AW-A*
"(1000, 1000)",7,3.0,1.0,1.0,0.5,False,52849.0,50,True,"[(1.4516022205352783, 52849)]",A*
"(1000, 1000)",7,30.0,,,0.25,True,inf,50,True,"[(1.2656965255737305, 52849), (2.56669545173645, 52849), (3.8187005519866943, 52849), (5.1115007400512695, 52849), (6.442370891571045, 52849), (7.689324855804443, 52849), (8.981047630310059, 52849), (10.284168720245361, 52849), (11.533970594406128, 52849), (12.83002758026123, 52849), (14.147608280181885, 52849), (15.39660382270813, 52849), (16.710063457489014, 52849), (18.01263165473938, 52849), (19.262882471084595, 52849), (20.5518958568573, 52849), (21.861051559448242, 52849), (23.108378410339355, 52849), (24.400240182876587, 52849), (25.7155978679657, 52849), (26.98743200302124, 52849), (28.281290292739868, 52849), (29.589573860168457, 52849)]",Greedy Best First
"(1000, 1000)",7,30.0,2.5,1.0,0.25,True,52849.0,50,True,"[(1.4714691638946533, 52849), (2.924372911453247, 52849), (4.379785060882568, 52849), (5.959547519683838, 52849), (7.4458208084106445, 52849), (8.915445566177368, 52849), (10.442232370376587, 52849)]",AW-A*
"(1000, 1000)",7,30.0,1.0,1.0,0.25,True,52849.0,50,True,"[(1.511268138885498, 52849)]",A*
"(1000, 1000)",7,30.0,,,0.25,False,inf,50,True,"[(1.215930700302124, 52849), (2.520414113998413, 52849), (3.8242499828338623, 52849), (5.0762550830841064, 52849), (6.369572877883911, 52849), (7.673830986022949, 52849), (8.923616647720337, 52849), (10.224364042282104, 52849), (11.470074892044067, 52849), (12.781851291656494, 52849), (14.083909511566162, 52849), (15.331953763961792, 52849), (16.620485305786133, 52849), (17.924528121948242, 52849), (19.170497179031372, 52849), (20.471717596054077, 52849), (21.720958471298218, 52849), (23.02711009979248, 52849), (24.322505235671997, 52849), (25.564073085784912, 52849), (26.854372024536133, 52849), (28.15586280822754, 52849), (29.427075147628784, 52849)]",Greedy Best First
"(1000, 1000)",7,30.0,2.5,1.0,0.25,False,52849.0,50,True,"[(1.451354742050171, 52849), (3.0041377544403076, 52849), (4.498756647109985, 52849), (6.066072225570679, 52849), (7.548544406890869, 52849), (9.111534833908081, 52849), (10.624760150909424, 52849)]",AW-A*
"(1000, 1000)",7,30.0,1.0,1.0,0.25,False,52849.0,50,True,"[(1.4668266773223877, 52849)]",A*
"(1000, 1000)",7,30.0,,,0.5,True,inf,50,True,"[(1.2612645626068115, 52849), (2.578274965286255, 52849), (3.8303558826446533, 52849), (5.129783630371094, 52849), (6.44152307510376, 52849), (7.702569961547852, 52849), (9.027193069458008, 52849), (10.356422662734985, 52849), (11.61650013923645, 52849), (12.914703607559204, 52849), (14.22204327583313, 52849), (15.496673107147217, 52849), (16.78618597984314, 52849), (18.118755340576172, 52849), (19.397408962249756, 52849), (20.708311796188354, 52849), (22.02017879486084, 52849), (23.284770011901855, 52849), (24.636676788330078, 52849), (25.945536851882935, 52849), (27.20606565475464, 52849), (28.56774091720581, 52849), (29.814237356185913, 52849)]",Greedy Best First
"(1000, 1000)",7,30.0,2.5,1.0,0.5,True,52849.0,50,True,"[(1.3909790515899658, 52849), (2.8930459022521973, 52849), (4.360852003097534, 52849), (5.909713983535767, 52849)]",AW-A*
"(1000, 1000)",7,30.0,1.0,1.0,0.5,True,52849.0,50,True,"[(1.4788711071014404, 52849)]",A*
"(1000, 1000)",7,30.0,,,0.5,False,inf,50,True,"[(1.2526369094848633, 52849), (2.5476651191711426, 52849), (3.794605255126953, 52849), (5.082077741622925, 52849), (6.383318185806274, 52849), (7.631420135498047, 52849), (8.946583271026611, 52849), (10.25064730644226, 52849), (11.49975872039795, 52849), (12.787612676620483, 52849), (14.090868711471558, 52849), (15.341448307037354, 52849), (16.64131760597229, 52849), (17.882744073867798, 52849), (19.199676752090454, 52849), (20.501134634017944, 52849), (21.74664044380188, 52849), (23.035294771194458, 52849), (24.277796030044556, 52849), (25.560251712799072, 52849), (26.86224341392517, 52849), (28.110567092895508, 52849), (29.432862520217896, 52849)]",Greedy Best First
"(1000, 1000)",7,30.0,2.5,1.0,0.5,False,52849.0,50,True,"[(1.408606767654419, 52849), (2.9030637741088867, 52849), (4.364930629730225, 52849), (5.903116226196289, 52849)]",AW-A*
"(1000, 1000)",7,30.0,1.0,1.0,0.5,False,52849.0,50,True,"[(1.518423080444336, 52849)]",A*
"(1000, 1000)",7,60.0,,,0.25,True,inf,50,True,"[(1.2342357635498047, 52849), (2.566581964492798, 52849), (3.83246111869812, 52849), (5.168888568878174, 52849), (6.508965253829956, 52849), (7.7861645221710205, 52849), (9.128702640533447, 52849), (10.447653532028198, 52849), (11.745392322540283, 52849), (13.09907841682434, 52849), (14.364081621170044, 52849), (15.67137336730957, 52849), (16.97660183906555, 52849), (18.23174285888672, 52849), (19.566406726837158, 52849), (20.878668785095215, 52849), (22.192490100860596, 52849), (23.492457389831543, 52849), (24.80349111557007, 52849), (26.066612243652344, 52849), (27.38263177871704, 52849), (28.712490797042847, 52849), (30.001063585281372, 52849), (31.35782814025879, 52849), (32.72782778739929, 52849), (33.98796463012695, 52849), (35.28891086578369, 52849), (36.62361669540405, 52849), (37.88820242881775, 52849), (39.2090847492218, 52849), (40.562504291534424, 52849), (41.819013357162476, 52849), (43.11688852310181, 52849), (44.428711891174316, 52849), (45.68332290649414, 52849), (46.98101830482483, 52849), (48.29058074951172, 52849), (49.587981939315796, 52849), (50.92173171043396, 52849), (52.239359855651855, 52849), (53.50111150741577, 52849), (54.80942893028259, 52849), (56.08094143867493, 52849), (57.37801003456116, 52849), (58.723976373672485, 52849), (60.00597906112671, 52849)]",Greedy Best First
"(1000, 1000)",7,60.0,2.5,1.0,0.25,True,52849.0,50,True,"[(1.4463388919830322, 52849), (2.8759796619415283, 52849), (4.376839876174927, 52849), (5.921469688415527, 52849), (7.424532175064087, 52849), (8.935398817062378, 52849), (10.512287139892578, 52849)]",AW-A*
"(1000, 1000)",7,60.0,1.0,1.0,0.25,True,52849.0,50,True,"[(1.4608402252197266, 52849)]",A*
"(1000, 1000)",7,60.0,,,0.25,False,inf,50,True,"[(1.3129558563232422, 52849), (2.5627593994140625, 52849), (3.855278253555298, 52849), (5.19252610206604, 52849), (6.443375825881958, 52849), (7.736969232559204, 52849), (9.045756101608276, 52849), (10.29702877998352, 52849), (11.59232473373413, 52849), (12.902223110198975, 52849), (14.15445327758789, 52849), (15.489729642868042, 52849), (16.741149187088013, 52849), (18.03522801399231, 52849), (19.346951484680176, 52849), (20.593759536743164, 52849), (21.88748598098755, 52849), (23.195272207260132, 52849), (24.4472815990448, 52849), (25.77562713623047, 52849), (27.089741468429565, 52849), (28.349260807037354, 52849), (29.656857013702393, 52849), (30.9050395488739, 52849), (32.198028802871704, 52849), (33.50733470916748, 52849), (34.762519121170044, 52849), (36.0917534828186, 52849), (37.40298891067505, 52849), (38.65922665596008, 52849), (39.96783256530762, 52849), (41.218217611312866, 52849), (42.51011776924133, 52849), (43.81749439239502, 52849), (45.09365391731262, 52849), (46.397488832473755, 52849), (47.64713740348816, 52849), (48.936872243881226, 52849), (50.24271869659424, 52849), (51.4956328868866, 52849), (52.78923463821411, 52849), (54.096633195877075, 52849), (55.37499785423279, 52849), (56.672664642333984, 52849), (57.98450303077698, 52849), (59.237502574920654, 52849)]",Greedy Best First
"(1000, 1000)",7,60.0,2.5,1.0,0.25,False,52849.0,50,True,"[(1.4860293865203857, 52849), (2.931771755218506, 52849), (4.507958173751831, 52849), (6.054627418518066, 52849), (7.527154922485352, 52849), (9.074354887008667, 52849), (10.5811128616333, 52849)]",AW-A*
"(1000, 1000)",7,60.0,1.0,1.0,0.25,False,52849.0,50,True,"[(1.4647953510284424, 52849)]",A*
"(1000, 1000)",7,60.0,,,0.5,True,inf,50,True,"[(1.307114601135254, 52849), (2.5619709491729736, 52849), (3.8643064498901367, 52849), (5.180802822113037, 52849), (6.436822414398193, 52849), (7.7424352169036865, 52849), (8.998375177383423, 52849), (10.293597221374512, 52849), (11.630657196044922, 52849), (12.890894651412964, 52849), (14.184552907943726, 52849), (15.484094381332397, 52849), (16.73565912246704, 52849), (18.0259907245636, 52849), (19.330212116241455, 52849), (20.593515634536743, 52849), (21.917837858200073, 52849), (23.2262225151062, 52849), (24.481523275375366, 52849), (25.77741289138794, 52849), (27.086046934127808, 52849), (28.345168828964233, 52849), (29.64570116996765, 52849), (30.96726155281067, 52849), (32.251410484313965, 52849), (33.5555636882782, 52849), (34.86782217025757, 52849), (36.12464213371277, 52849), (37.42835998535156, 52849), (38.68154954910278, 52849), (39.97773003578186, 52849), (41.31776547431946, 52849), (42.57645010948181, 52849), (43.8728346824646, 52849), (45.18520402908325, 52849), (46.43802499771118, 52849), (47.7411847114563, 52849), (49.05206060409546, 52849), (50.3092257976532, 52849), (51.64363384246826, 52849), (52.895286560058594, 52849), (54.1877601146698, 52849), (55.49500346183777, 52849), (56.750049114227295, 52849), (58.05022859573364, 52849), (59.36215424537659, 52849)]",Greedy Best First
"(1000, 1000)",7,60.0,2.5,1.0,0.5,True,52849.0,50,True,"[(1.4707615375518799, 52849), (2.908834218978882, 52849), (4.425586938858032, 52849), (5.909850835800171, 52849)]",AW-A*
"(1000, 1000)",7,60.0,1.0,1.0,0.5,True,52849.0,50,True,"[(1.514939785003662, 52849)]",A*
"(1000, 1000)",7,60.0,,,0.5,False,inf,50,True,"[(1.2745134830474854, 52849), (2.5449371337890625, 52849), (3.835223913192749, 52849), (5.142023324966431, 52849), (6.391954660415649, 52849), (7.6822662353515625, 52849), (8.99181342124939, 52849), (10.24520230293274, 52849), (11.57718539237976, 52849), (12.826790809631348, 52849), (14.12050175666809, 52849), (15.425861358642578, 52849), (16.678093671798706, 52849), (17.971722841262817, 52849), (19.21680188179016, 52849), (20.503788471221924, 52849), (21.83614444732666, 52849), (23.08332920074463, 52849), (24.374438047409058, 52849), (25.678706884384155, 52849), (26.92811870574951, 52849), (28.21916961669922, 52849), (29.523592948913574, 52849), (30.77480912208557, 52849), (32.10289239883423, 52849), (33.348822832107544, 52849), (34.63651442527771, 52849), (35.937371015548706, 52849), (37.187000036239624, 52849), (38.47640538215637, 52849), (39.7834632396698, 52849), (41.04646587371826, 52849), (42.357590198516846, 52849), (43.67226433753967, 52849), (44.9293794631958, 52849), (46.23978614807129, 52849), (47.489449977874756, 52849), (48.790690660476685, 52849), (50.1004695892334, 52849), (51.36725735664368, 52849), (52.67294716835022, 52849), (53.98121523857117, 52849), (55.23533630371094, 52849), (56.54579448699951, 52849), (57.795488119125366, 52849), (59.08796977996826, 52849)]",Greedy Best First
"(1000, 1000)",7,60.0,2.5,1.0,0.5,False,52849.0,50,True,"[(1.4790544509887695, 52849), (2.9271206855773926, 52849), (4.467395067214966, 52849), (5.972621202468872, 52849)]",AW-A*
"(1000, 1000)",7,60.0,1.0,1.0,0.5,False,52849.0,50,True,"[(1.5347204208374023, 52849)]",A*
"(1000, 1000)",7,120.0,,,0.25,True,inf,50,True,"[(1.2568979263305664, 52849), (2.589663505554199, 52849), (3.8378350734710693, 52849), (5.137905120849609, 52849), (6.450467824935913, 52849), (7.704785108566284, 52849), (8.995391845703125, 52849), (10.291690111160278, 52849), (11.552417278289795, 52849), (12.868640899658203, 52849), (14.166000843048096, 52849), (15.408792495727539, 52849), (16.693957090377808, 52849), (17.994386672973633, 52849), (19.237279415130615, 52849), (20.523769855499268, 52849), (21.85175633430481, 52849), (23.11292815208435, 52849), (24.406134843826294, 52849), (25.712759733200073, 52849), (26.96416187286377, 52849), (28.253760814666748, 52849), (29.557766675949097, 52849), (30.806653261184692, 52849), (32.13031721115112, 52849), (33.44770574569702, 52849), (34.698511600494385, 52849), (35.996219635009766, 52849), (37.247724533081055, 52849), (38.53748941421509, 52849), (39.837109088897705, 52849), (41.08342146873474, 52849), (42.39751887321472, 52849), (43.71609544754028, 52849), (44.96455788612366, 52849), (46.25492548942566, 52849), (47.565101146698, 52849), (48.818692684173584, 52849), (50.11922335624695, 52849), (51.42563271522522, 52849), (52.71276831626892, 52849), (54.00738286972046, 52849), (55.250529766082764, 52849), (56.53500461578369, 52849), (57.835333824157715, 52849), (59.07873010635376, 52849), (60.36369824409485, 52849), (61.66603374481201, 52849), (62.963507413864136, 52849), (64.25666570663452, 52849), (65.56077289581299, 52849), (66.8086097240448, 52849), (68.10204744338989, 52849), (69.34530639648438, 52849), (70.62808966636658, 52849), (71.93700337409973, 52849), (73.21495938301086, 52849), (74.50011801719666, 52849), (75.8002405166626, 52849), (77.04876351356506, 52849), (78.34103012084961, 52849), (79.64079642295837, 52849), (80.88841080665588, 52849), (82.22819232940674, 52849), (83.47213292121887, 52849), (84.75786113739014, 52849), (86.05409359931946, 52849), (87.29905080795288, 52849), (88.58378553390503, 52849), (89.88444948196411, 52849), (91.12910270690918, 52849), (92.4622540473938, 52849), (93.76576972007751, 52849), (95.0104501247406, 52849), (96.30449843406677, 52849), (97.54774498939514, 52849), (98.83874487876892, 52849), (100.14203262329102, 52849), (101.3879337310791, 52849), (102.72891283035278, 52849), (104.05161166191101, 52849), (105.29984927177429, 52849), (106.59718537330627, 52849), (107.90530490875244, 52849), (109.15200686454773, 52849), (110.4444305896759, 52849), (111.68723654747009, 52849), (113.01371121406555, 52849), (114.31193709373474, 52849), (115.555255651474, 52849), (116.84241032600403, 52849), (118.14239168167114, 52849), (119.39073443412781, 52849)]",Greedy Best First
"(1000, 1000)",7,120.0,2.5,1.0,0.25,True,52849.0,50,True,"[(1.4891211986541748, 52849), (2.966508626937866, 52849), (4.404794931411743, 52849), (5.905451774597168, 52849), (7.370559215545654, 52849), (8.903453350067139, 52849), (10.385749340057373, 52849)]",AW-A*
"(1000, 1000)",7,120.0,1.0,1.0,0.25,True,52849.0,50,True,"[(1.5420262813568115, 52849)]",A*
"(1000, 1000)",7,120.0,,,0.25,False,inf,50,True,"[(1.2024025917053223, 52849), (2.4765071868896484, 52849), (3.7700881958007812, 52849), (5.0090110301971436, 52849), (6.291390657424927, 52849), (7.587517976760864, 52849), (8.8698091506958, 52849), (10.155032396316528, 52849), (11.450474500656128, 52849), (12.69472599029541, 52849), (13.986629724502563, 52849), (15.228878498077393, 52849), (16.50881004333496, 52849), (17.81855034828186, 52849), (19.092753887176514, 52849), (20.375418663024902, 52849), (21.66977334022522, 52849), (22.909404516220093, 52849), (24.200981616973877, 52849), (25.44241738319397, 52849), (26.718387603759766, 52849), (28.048493146896362, 52849), (29.289369821548462, 52849), (30.57315993309021, 52849), (31.867549419403076, 52849), (33.11129713058472, 52849), (34.397947549819946, 52849), (35.69334077835083, 52849), (36.93506336212158, 52849), (38.26898002624512, 52849), (39.50462079048157, 52849), (40.78639841079712, 52849), (42.08019208908081, 52849), (43.32244038581848, 52849), (44.609599113464355, 52849), (45.90658688545227, 52849), (47.14836263656616, 52849), (48.4837920665741, 52849), (49.73638391494751, 52849), (51.02080202102661, 52849), (52.323625802993774, 52849), (53.56821370124817, 52849), (54.85710120201111, 52849), (56.15918326377869, 52849), (57.418407678604126, 52849), (58.739885091781616, 52849), (59.98046040534973, 52849), (61.26309037208557, 52849), (62.566935539245605, 52849), (63.81620383262634, 52849), (65.10232329368591, 52849), (66.39740705490112, 52849), (67.65264558792114, 52849), (68.97183632850647, 52849), (70.215665102005, 52849), (71.49519777297974, 52849), (72.78883290290833, 52849), (74.03551578521729, 52849), (75.32269239425659, 52849), (76.62141633033752, 52849), (77.88074445724487, 52849), (79.19337129592896, 52849), (80.49536061286926, 52849), (81.74327683448792, 52849), (83.0356993675232, 52849), (84.27948188781738, 52849), (85.5702896118164, 52849), (86.87046360969543, 52849), (88.12748622894287, 52849), (89.43993830680847, 52849), (90.74341893196106, 52849), (91.99121189117432, 52849), (93.28725838661194, 52849), (94.53837776184082, 52849), (95.82611107826233, 52849), (97.12777805328369, 52849), (98.40793871879578, 52849), (99.69716501235962, 52849), (100.99430823326111, 52849), (102.24003648757935, 52849), (103.5338704586029, 52849), (104.77727746963501, 52849), (106.0601258277893, 52849), (107.36161589622498, 52849), (108.6448540687561, 52849), (109.9399163722992, 52849), (111.23901748657227, 52849), (112.48244023323059, 52849), (113.77629804611206, 52849), (115.01835942268372, 52849), (116.3031747341156, 52849), (117.6002550125122, 52849), (118.88035225868225, 52849)]",Greedy Best First
"(1000, 1000)",7,120.0,2.5,1.0,0.25,False,52849.0,50,True,"[(1.3853693008422852, 52849), (2.8750252723693848, 52849), (4.323279857635498, 52849), (5.842229843139648, 52849), (7.317328453063965, 52849), (8.808651208877563, 52849), (10.33171010017395, 52849)]",AW-A*
"(1000, 1000)",7,120.0,1.0,1.0,0.25,False,52849.0,50,True,"[(1.5013725757598877, 52849)]",A*
"(1000, 1000)",7,120.0,,,0.5,True,inf,50,True,"[(1.2145576477050781, 52849), (2.4957566261291504, 52849), (3.8067774772644043, 52849), (5.079512119293213, 52849), (6.371075630187988, 52849), (7.671175003051758, 52849), (8.918213605880737, 52849), (10.21066164970398, 52849), (11.514885187149048, 52849), (12.762086629867554, 52849), (14.087621688842773, 52849), (15.349650859832764, 52849), (16.632554054260254, 52849), (17.931023836135864, 52849), (19.17804741859436, 52849), (20.47211194038391, 52849), (21.77250361442566, 52849), (23.017878532409668, 52849), (24.33825421333313, 52849), (25.663585901260376, 52849), (26.911478996276855, 52849), (28.20941948890686, 52849), (29.45304584503174, 52849), (30.738733291625977, 52849), (32.03354334831238, 52849), (33.27809953689575, 52849), (34.599895000457764, 52849), (35.91243004798889, 52849), (37.166627645492554, 52849), (38.46105980873108, 52849), (39.76532506942749, 52849), (41.017616748809814, 52849), (42.3111515045166, 52849), (43.55458927154541, 52849), (44.87917637825012, 52849), (46.17944550514221, 52849), (47.424487590789795, 52849), (48.71502733230591, 52849), (50.01796507835388, 52849), (51.26365923881531, 52849), (52.56393623352051, 52849), (53.88081455230713, 52849), (55.16669011116028, 52849), (56.46716356277466, 52849), (57.712095499038696, 52849), (58.99408960342407, 52849), (60.29382300376892, 52849), (61.539799213409424, 52849), (62.83188533782959, 52849), (64.14213299751282, 52849), (65.41928005218506, 52849), (66.7137382030487, 52849), (68.01443028450012, 52849), (69.26314926147461, 52849), (70.56260561943054, 52849), (71.85562181472778, 52849), (73.14322972297668, 52849), (74.5101945400238, 52849), (75.77748394012451, 52849), (77.09555077552795, 52849), (78.40345859527588, 52849), (79.73570132255554, 52849), (81.03829455375671, 52849), (82.34906005859375, 52849), (83.61932730674744, 52849), (84.95360565185547, 52849), (86.20336246490479, 52849), (87.4939832687378, 52849), (88.79510021209717, 52849), (90.1142201423645, 52849), (91.43068885803223, 52849), (92.74970006942749, 52849), (94.00229716300964, 52849), (95.34926128387451, 52849), (96.65760016441345, 52849), (97.95163679122925, 52849), (99.28524518013, 52849), (100.56664705276489, 52849), (101.85731291770935, 52849), (103.15867137908936, 52849), (104.42809343338013, 52849), (105.74078631401062, 52849), (107.04484415054321, 52849), (108.36465954780579, 52849), (109.6618070602417, 52849), (110.99146747589111, 52849), (112.24461078643799, 52849), (113.58723974227905, 52849), (114.89285206794739, 52849), (116.18229603767395, 52849), (117.48797392845154, 52849), (118.73953056335449, 52849)]",Greedy Best First
"(1000, 1000)",7,120.0,2.5,1.0,0.5,True,52849.0,50,True,"[(1.382021188735962, 52849), (2.8672595024108887, 52849), (4.357394456863403, 52849), (5.88673210144043, 52849)]",AW-A*
"(1000, 1000)",7,120.0,1.0,1.0,0.5,True,52849.0,50,True,"[(1.515662670135498, 52849)]",A*
"(1000, 1000)",7,120.0,,,0.5,False,inf,50,True,"[(1.2139432430267334, 52849), (2.498339891433716, 52849), (3.7948720455169678, 52849), (5.069387435913086, 52849), (6.369511604309082, 52849), (7.610872268676758, 52849), (8.89608120918274, 52849), (10.19444751739502, 52849), (11.443466424942017, 52849), (12.725641012191772, 52849), (14.034357786178589, 52849), (15.304733991622925, 52849), (16.59211492538452, 52849), (17.88971257209778, 52849), (19.138126850128174, 52849), (20.439134120941162, 52849), (21.68416404724121, 52849), (22.972581148147583, 52849), (24.282427549362183, 52849), (25.553759336471558, 52849), (26.857446670532227, 52849), (28.098825931549072, 52849), (29.383352518081665, 52849), (30.67956852912903, 52849), (31.925362586975098, 52849), (33.20991039276123, 52849), (34.52062964439392, 52849), (35.79054880142212, 52849), (37.07642984390259, 52849), (38.374693393707275, 52849), (39.62230205535889, 52849), (40.917633056640625, 52849), (42.16200566291809, 52849), (43.44626760482788, 52849), (44.75280475616455, 52849), (46.02111291885376, 52849), (47.30618119239807, 52849), (48.60278296470642, 52849), (49.84642767906189, 52849), (51.13687086105347, 52849), (52.440314054489136, 52849), (53.686683177948, 52849), (55.01395773887634, 52849), (56.25391745567322, 52849), (57.53549909591675, 52849), (58.83162999153137, 52849), (60.07144856452942, 52849), (61.359681367874146, 52849), (62.656933069229126, 52849), (63.90351915359497, 52849), (65.23641633987427, 52849), (66.4811499118805, 52849), (67.76876425743103, 52849), (69.07205176353455, 52849), (70.32135009765625, 52849), (71.61380076408386, 52849), (72.8564281463623, 52849), (74.13971090316772, 52849), (75.47127938270569, 52849), (76.71454334259033, 52849), (77.9991283416748, 52849), (79.3007972240448, 52849), (80.54596781730652, 52849), (81.83413338661194, 52849), (83.13417983055115, 52849), (84.38019251823425, 52849), (85.70825457572937, 52849), (86.95741987228394, 52849), (88.23828125, 52849), (89.53274750709534, 52849), (90.77451801300049, 52849), (92.05985569953918, 52849), (93.36029267311096, 52849), (94.63412284851074, 52849), (95.93236684799194, 52849), (97.23625898361206, 52849), (98.48188877105713, 52849), (99.77891325950623, 52849), (101.02055382728577, 52849), (102.30683922767639, 52849), (103.60604858398438, 52849), (104.87855792045593, 52849), (106.1667628288269, 52849), (107.46871042251587, 52849), (108.71728324890137, 52849), (110.01654696464539, 52849), (111.26338338851929, 52849), (112.55198359489441, 52849), (113.85046911239624, 52849), (115.1304497718811, 52849), (116.42256212234497, 52849), (117.6643602848053, 52849), (118.95105457305908, 52849)]",Greedy Best First
"(1000, 1000)",7,120.0,2.5,1.0,0.5,False,52849.0,50,True,"[(1.400735855102539, 52849), (2.8266069889068604, 52849), (4.358892917633057, 52849), (5.918919563293457, 52849)]",AW-A*
"(1000, 1000)",7,120.0,1.0,1.0,0.5,False,52849.0,50,True,"[(1.4556961059570312, 52849)]",A*
"(1000, 1000)",7,0.2,,,0.25,True,inf,150,False,[],Greedy Best First
"(1000, 1000)",7,0.2,2.5,1.0,0.25,True,inf,150,False,[],AW-A*
"(1000, 1000)",7,0.2,1.0,1.0,0.25,True,inf,150,False,[],A*
"(1000, 1000)",7,0.2,,,0.25,False,inf,150,False,[],Greedy Best First
"(1000, 1000)",7,0.2,2.5,1.0,0.25,False,inf,150,False,[],AW-A*
"(1000, 1000)",7,0.2,1.0,1.0,0.25,False,inf,150,False,[],A*
"(1000, 1000)",7,0.2,,,0.5,True,inf,150,False,[],Greedy Best First
"(1000, 1000)",7,0.2,2.5,1.0,0.5,True,inf,150,False,[],AW-A*
"(1000, 1000)",7,0.2,1.0,1.0,0.5,True,inf,150,False,[],A*
"(1000, 1000)",7,0.2,,,0.5,False,inf,150,False,[],Greedy Best First
"(1000, 1000)",7,0.2,2.5,1.0,0.5,False,inf,150,False,[],AW-A*
"(1000, 1000)",7,0.2,1.0,1.0,0.5,False,inf,150,False,[],A*
"(1000, 1000)",7,1.0,,,0.25,True,inf,150,False,[],Greedy Best First
"(1000, 1000)",7,1.0,2.5,1.0,0.25,True,inf,150,False,[],AW-A*
"(1000, 1000)",7,1.0,1.0,1.0,0.25,True,inf,150,False,[],A*
"(1000, 1000)",7,1.0,,,0.25,False,inf,150,False,[],Greedy Best First
"(1000, 1000)",7,1.0,2.5,1.0,0.25,False,inf,150,False,[],AW-A*
"(1000, 1000)",7,1.0,1.0,1.0,0.25,False,inf,150,False,[],A*
"(1000, 1000)",7,1.0,,,0.5,True,inf,150,False,[],Greedy Best First
"(1000, 1000)",7,1.0,2.5,1.0,0.5,True,inf,150,False,[],AW-A*
"(1000, 1000)",7,1.0,1.0,1.0,0.5,True,inf,150,False,[],A*
"(1000, 1000)",7,1.0,,,0.5,False,inf,150,False,[],Greedy Best First
"(1000, 1000)",7,1.0,2.5,1.0,0.5,False,inf,150,False,[],AW-A*
"(1000, 1000)",7,1.0,1.0,1.0,0.5,False,inf,150,False,[],A*
"(1000, 1000)",7,3.0,,,0.25,True,inf,150,True,"[(1.2561564445495605, 52119), (2.534088134765625, 52119)]",Greedy Best First
"(1000, 1000)",7,3.0,2.5,1.0,0.25,True,52111.0,150,True,"[(1.4485461711883545, 52111), (2.8788435459136963, 52111)]",AW-A*
"(1000, 1000)",7,3.0,1.0,1.0,0.25,True,52111.0,150,True,"[(1.4891910552978516, 52111)]",A*
"(1000, 1000)",7,3.0,,,0.25,False,inf,150,True,"[(1.2639133930206299, 52119), (2.496549367904663, 52119)]",Greedy Best First
"(1000, 1000)",7,3.0,2.5,1.0,0.25,False,52111.0,150,True,"[(1.461970329284668, 52111), (2.9083688259124756, 52111)]",AW-A*
"(1000, 1000)",7,3.0,1.0,1.0,0.25,False,52111.0,150,True,"[(1.477731466293335, 52111)]",A*
"(1000, 1000)",7,3.0,,,0.5,True,inf,150,True,"[(1.2094368934631348, 52119), (2.481111526489258, 52119)]",Greedy Best First
"(1000, 1000)",7,3.0,2.5,1.0,0.5,True,52111.0,150,True,"[(1.4335267543792725, 52111), (2.8653934001922607, 52111)]",AW-A*
"(1000, 1000)",7,3.0,1.0,1.0,0.5,True,52111.0,150,True,"[(1.5204977989196777, 52111)]",A*
"(1000, 1000)",7,3.0,,,0.5,False,inf,150,True,"[(1.2591676712036133, 52119), (2.4962687492370605, 52119)]",Greedy Best First
"(1000, 1000)",7,3.0,2.5,1.0,0.5,False,52111.0,150,True,"[(1.4672858715057373, 52111), (2.921891212463379, 52111)]",AW-A*
"(1000, 1000)",7,3.0,1.0,1.0,0.5,False,52111.0,150,True,"[(1.4385731220245361, 52111)]",A*
"(1000, 1000)",7,30.0,,,0.25,True,inf,150,True,"[(1.2467682361602783, 52119), (2.5310423374176025, 52119), (3.762770652770996, 52119), (5.062267303466797, 52119), (6.43005895614624, 52119), (7.7324442863464355, 52119), (9.016257286071777, 52119), (10.33038330078125, 52119), (11.572759866714478, 52119), (12.852869033813477, 52119), (14.098056554794312, 52119), (15.408350467681885, 52119), (16.760570526123047, 52119), (17.992841958999634, 52119), (19.357839107513428, 52119), (20.68138074874878, 52119), (22.023006916046143, 52119), (23.357527494430542, 52119), (24.674415588378906, 52119), (25.97361445426941, 52119), (27.30719566345215, 52119), (28.541489124298096, 52119), (29.855543851852417, 52119)]",Greedy Best First
"(1000, 1000)",7,30.0,2.5,1.0,0.25,True,52111.0,150,True,"[(1.3847050666809082, 52111), (2.8729305267333984, 52111), (4.323482036590576, 52111), (5.858869314193726, 52111), (7.346920490264893, 52111), (8.852980375289917, 52111), (10.398337125778198, 52111)]",AW-A*
"(1000, 1000)",7,30.0,1.0,1.0,0.25,True,52111.0,150,True,"[(1.4380793571472168, 52111)]",A*
"(1000, 1000)",7,30.0,,,0.25,False,inf,150,True,"[(1.2453155517578125, 52119), (2.5349206924438477, 52119), (3.7721614837646484, 52119), (5.0548930168151855, 52119), (6.324353218078613, 52119), (7.59670090675354, 52119), (8.88511347770691, 52119), (10.12523341178894, 52119), (11.413681268692017, 52119), (12.709912538528442, 52119), (13.953654050827026, 52119), (15.24900484085083, 52119), (16.515511751174927, 52119), (17.798913955688477, 52119), (19.090090036392212, 52119), (20.326261281967163, 52119), (21.616042613983154, 52119), (22.912090063095093, 52119), (24.15521240234375, 52119), (25.44865369796753, 52119), (26.728069305419922, 52119), (28.019559860229492, 52119), (29.315150499343872, 52119)]",Greedy Best First
"(1000, 1000)",7,30.0,2.5,1.0,0.25,False,52111.0,150,True,"[(1.39923095703125, 52111), (2.8212547302246094, 52111), (4.3125128746032715, 52111), (5.809606552124023, 52111), (7.336310148239136, 52111), (8.80426549911499, 52111), (10.353509187698364, 52111)]",AW-A*
"(1000, 1000)",7,30.0,1.0,1.0,0.25,False,52111.0,150,True,"[(1.4495844841003418, 52111)]",A*
"(1000, 1000)",7,30.0,,,0.5,True,inf,150,True,"[(1.2493464946746826, 52119), (2.5148839950561523, 52119), (3.7769508361816406, 52119), (5.057999610900879, 52119), (6.2827911376953125, 52119), (7.5534348487854, 52119), (8.834831953048706, 52119), (10.06217622756958, 52119), (11.341344356536865, 52119), (12.666014432907104, 52119), (13.895890235900879, 52119), (15.17504620552063, 52119), (16.40442204475403, 52119), (17.681051015853882, 52119), (18.969874382019043, 52119), (20.2046902179718, 52119), (21.487020254135132, 52119), (22.744758129119873, 52119), (24.007174253463745, 52119), (25.2898952960968, 52119), (26.522319555282593, 52119), (27.794333457946777, 52119), (29.075511693954468, 52119)]",Greedy Best First
"(1000, 1000)",7,30.0,2.5,1.0,0.5,True,52111.0,150,True,"[(1.4963200092315674, 52111), (2.9590673446655273, 52111), (4.428470611572266, 52111), (5.896069049835205, 52111)]",AW-A*
"(1000, 1000)",7,30.0,1.0,1.0,0.5,True,52111.0,150,True,"[(1.4882423877716064, 52111)]",A*
"(1000, 1000)",7,30.0,,,0.5,False,inf,150,True,"[(1.2673590183258057, 52119), (2.5892739295959473, 52119), (3.8288466930389404, 52119), (5.125039100646973, 52119), (6.35813045501709, 52119), (7.633398771286011, 52119), (8.926860570907593, 52119), (10.16584062576294, 52119), (11.444036960601807, 52119), (12.775615453720093, 52119), (14.022050380706787, 52119), (15.310311317443848, 52119), (16.542912483215332, 52119), (17.82202935218811, 52119), (19.116979360580444, 52119), (20.35564947128296, 52119), (21.639190196990967, 52119), (22.91230845451355, 52119), (24.191662788391113, 52119), (25.429613828659058, 52119), (26.70100426673889, 52119), (27.986931085586548, 52119), (29.222049713134766, 52119)]",Greedy Best First
"(1000, 1000)",7,30.0,2.5,1.0,0.5,False,52111.0,150,True,"[(1.394171953201294, 52111), (2.84704327583313, 52111), (4.344364643096924, 52111), (5.911478757858276, 52111)]",AW-A*
"(1000, 1000)",7,30.0,1.0,1.0,0.5,False,52111.0,150,True,"[(1.4570119380950928, 52111)]",A*
"(1000, 1000)",7,60.0,,,0.25,True,inf,150,True,"[(1.2544147968292236, 52119), (2.486140251159668, 52119), (3.8054490089416504, 52119), (5.035796403884888, 52119), (6.311474800109863, 52119), (7.602097749710083, 52119), (8.838167667388916, 52119), (10.116773843765259, 52119), (11.407286643981934, 52119), (12.645458459854126, 52119), (13.971946477890015, 52119), (15.2191002368927, 52119), (16.496668815612793, 52119), (17.78550434112549, 52119), (19.023284435272217, 52119), (20.30967354774475, 52119), (21.54634976387024, 52119), (22.860090255737305, 52119), (24.166823148727417, 52119), (25.415505170822144, 52119), (26.70109272003174, 52119), (27.936439990997314, 52119), (29.212754249572754, 52119), (30.501694679260254, 52119), (31.742587089538574, 52119), (33.049171686172485, 52119), (34.30282497406006, 52119), (35.580933809280396, 52119), (36.87193703651428, 52119), (38.11106562614441, 52119), (39.39638924598694, 52119), (40.63222908973694, 52119), (41.91127324104309, 52119), (43.22040057182312, 52119), (44.47671318054199, 52119), (45.763227701187134, 52119), (46.99884748458862, 52119), (48.27596664428711, 52119), (49.56469202041626, 52119), (50.80290985107422, 52119), (52.09127593040466, 52119), (53.365703105926514, 52119), (54.642143964767456, 52119), (55.933634996414185, 52119), (57.17593312263489, 52119), (58.46441388130188, 52119), (59.70148277282715, 52119)]",Greedy Best First
"(1000, 1000)",7,60.0,2.5,1.0,0.25,True,52111.0,150,True,"[(1.3917782306671143, 52111), (2.936281204223633, 52111), (4.386395454406738, 52111), (5.82996940612793, 52111), (7.353651762008667, 52111), (8.917330741882324, 52111), (10.424322366714478, 52111)]",AW-A*
"(1000, 1000)",7,60.0,1.0,1.0,0.25,True,52111.0,150,True,"[(1.4869940280914307, 52111)]",A*
"(1000, 1000)",7,60.0,,,0.25,False,inf,150,True,"[(1.2561285495758057, 52119), (2.558528184890747, 52119), (3.8048012256622314, 52119), (5.102171897888184, 52119), (6.344142436981201, 52119), (7.632138967514038, 52119), (8.876440525054932, 52119), (10.177871227264404, 52119), (11.478260517120361, 52119), (12.731762409210205, 52119), (14.012310266494751, 52119), (15.307515621185303, 52119), (16.546041250228882, 52119), (17.829625129699707, 52119), (19.161239862442017, 52119), (20.403903484344482, 52119), (21.688785076141357, 52119), (22.990349769592285, 52119), (24.240678787231445, 52119), (25.536256313323975, 52119), (26.776061058044434, 52119), (28.0619797706604, 52119), (29.39310622215271, 52119), (30.63727831840515, 52119), (31.9245126247406, 52119), (33.16695833206177, 52119), (34.44795799255371, 52119), (35.74022912979126, 52119), (36.98059439659119, 52119), (38.26653742790222, 52119), (39.53536319732666, 52119), (40.811033964157104, 52119), (42.10439324378967, 52119), (43.34688591957092, 52119), (44.63154864311218, 52119), (45.92791223526001, 52119), (47.168914794921875, 52119), (48.45202422142029, 52119), (49.78609371185303, 52119), (51.02945113182068, 52119), (52.319273948669434, 52119), (53.62837266921997, 52119), (54.87615251541138, 52119), (56.169790506362915, 52119), (57.408591508865356, 52119), (58.707968950271606, 52119)]",Greedy Best First
"(1000, 1000)",7,60.0,2.5,1.0,0.25,False,52111.0,150,True,"[(1.4046814441680908, 52111), (2.8294625282287598, 52111), (4.3234546184539795, 52111), (5.771747350692749, 52111), (7.290853977203369, 52111), (8.798009157180786, 52111), (10.337284326553345, 52111)]",AW-A*
"(1000, 1000)",7,60.0,1.0,1.0,0.25,False,52111.0,150,True,"[(1.4447062015533447, 52111)]",A*
"(1000, 1000)",7,60.0,,,0.5,True,inf,150,True,"[(1.2391531467437744, 52119), (2.520989418029785, 52119), (3.7609503269195557, 52119), (5.039889097213745, 52119), (6.36287522315979, 52119), (7.600789785385132, 52119), (8.888993978500366, 52119), (10.12596869468689, 52119), (11.408659934997559, 52119), (12.700034379959106, 52119), (13.943179368972778, 52119), (15.2527437210083, 52119), (16.497929096221924, 52119), (17.77362608909607, 52119), (19.063390970230103, 52119), (20.304832220077515, 52119), (21.58822274208069, 52119), (22.88701558113098, 52119), (24.12803292274475, 52119), (25.444871425628662, 52119), (26.692999124526978, 52119), (27.972553968429565, 52119), (29.26872158050537, 52119), (30.51084804534912, 52119), (31.798898458480835, 52119), (33.034369468688965, 52119), (34.314374923706055, 52119), (35.649126052856445, 52119), (36.89139485359192, 52119), (38.178996324539185, 52119), (39.41931414604187, 52119), (40.699506521224976, 52119), (42.00111508369446, 52119), (43.24336123466492, 52119), (44.534433364868164, 52119), (45.81063795089722, 52119), (47.089667320251465, 52119), (48.3825044631958, 52119), (49.62554860115051, 52119), (50.917386293411255, 52119), (52.15834927558899, 52119), (53.43450975418091, 52119), (54.746623516082764, 52119), (56.005640745162964, 52119), (57.292670488357544, 52119), (58.544114112854004, 52119), (59.8245050907135, 52119)]",Greedy Best First
"(1000, 1000)",7,60.0,2.5,1.0,0.5,True,52111.0,150,True,"[(1.4536371231079102, 52111), (2.9039483070373535, 52111), (4.376124143600464, 52111), (5.947265386581421, 52111)]",AW-A*
"(1000, 1000)",7,60.0,1.0,1.0,0.5,True,52111.0,150,True,"[(1.4436256885528564, 52111)]",A*
"(1000, 1000)",7,60.0,,,0.5,False,inf,150,True,"[(1.2426238059997559, 52119), (2.5303783416748047, 52119), (3.77042818069458, 52119), (5.057514905929565, 52119), (6.398212194442749, 52119), (7.641063451766968, 52119), (8.929188013076782, 52119), (10.231691598892212, 52119), (11.48313593864441, 52119), (12.779378652572632, 52119), (14.020662307739258, 52119), (15.30842661857605, 52119), (16.645100355148315, 52119), (17.88463044166565, 52119), (19.170950412750244, 52119), (20.46993923187256, 52119), (21.712703466415405, 52119), (23.002763032913208, 52119), (24.241326093673706, 52119), (25.546573877334595, 52119), (26.858824491500854, 52119), (28.103127479553223, 52119), (29.39656901359558, 52119), (30.64141607284546, 52119), (31.927729845046997, 52119), (33.16294980049133, 52119), (34.440218925476074, 52119), (35.74993324279785, 52119), (37.00513792037964, 52119), (38.286091327667236, 52119), (39.58076047897339, 52119), (40.82183384895325, 52119), (42.105507612228394, 52119), (43.40688419342041, 52119), (44.65092396736145, 52119), (45.958327770233154, 52119), (47.27195191383362, 52119), (48.52229356765747, 52119), (49.81847071647644, 52119), (51.06073069572449, 52119), (52.34539842605591, 52119), (53.64061999320984, 52119), (54.88274264335632, 52119), (56.203526735305786, 52119), (57.50153112411499, 52119), (58.743868589401245, 52119)]",Greedy Best First
"(1000, 1000)",7,60.0,2.5,1.0,0.5,False,52111.0,150,True,"[(1.3941185474395752, 52111), (2.909496784210205, 52111), (4.388967752456665, 52111), (5.899563789367676, 52111)]",AW-A*
"(1000, 1000)",7,60.0,1.0,1.0,0.5,False,52111.0,150,True,"[(1.4983289241790771, 52111)]",A*
"(1000, 1000)",7,120.0,,,0.25,True,inf,150,True,"[(1.2719979286193848, 52119), (2.519259452819824, 52119), (3.8225133419036865, 52119), (5.151570081710815, 52119), (6.413131475448608, 52119), (7.73972487449646, 52119), (8.979924201965332, 52119), (10.258596897125244, 52119), (11.55538034439087, 52119), (12.79983925819397, 52119), (14.086784839630127, 52119), (15.320858716964722, 52119), (16.650854349136353, 52119), (17.970032453536987, 52119), (19.221839904785156, 52119), (20.572500705718994, 52119), (21.868053913116455, 52119), (23.1125967502594, 52119), (24.40533757209778, 52119), (25.672744750976562, 52119), (27.032554626464844, 52119), (28.32724928855896, 52119), (29.56796669960022, 52119), (30.8595929145813, 52119), (32.10159397125244, 52119), (33.380722761154175, 52119), (34.67543864250183, 52119), (35.928019523620605, 52119), (37.319690227508545, 52119), (38.55881857872009, 52119), (39.86882472038269, 52119), (41.16585421562195, 52119), (42.40633034706116, 52119), (43.69534516334534, 52119), (44.93376064300537, 52119), (46.25826096534729, 52119), (47.5871958732605, 52119), (48.83028244972229, 52119), (50.12280344963074, 52119), (51.36203646659851, 52119), (52.64195656776428, 52119), (53.93854379653931, 52119), (55.18073344230652, 52119), (56.482155323028564, 52119), (57.746326208114624, 52119), (59.02729296684265, 52119), (60.34873604774475, 52119), (61.589946269989014, 52119), (62.8757381439209, 52119), (64.1137421131134, 52119), (65.39326238632202, 52119), (66.72749829292297, 52119), (67.99248695373535, 52119), (69.28041362762451, 52119), (70.5143563747406, 52119), (71.79449272155762, 52119), (73.09427380561829, 52119), (74.33689141273499, 52119), (75.6270432472229, 52119), (76.89692783355713, 52119), (78.18786144256592, 52119), (79.48546266555786, 52119), (80.72603130340576, 52119), (82.07949233055115, 52119), (83.32279348373413, 52119), (84.60568833351135, 52119), (85.90491938591003, 52119), (87.1851532459259, 52119), (88.49870491027832, 52119), (89.73385643959045, 52119), (91.01772212982178, 52119), (92.33313512802124, 52119), (93.57652926445007, 52119), (94.92382669448853, 52119), (96.18861317634583, 52119), (97.48040246963501, 52119), (98.778733253479, 52119), (100.0734179019928, 52119), (101.39350271224976, 52119), (102.69965672492981, 52119), (104.01875162124634, 52119), (105.32840251922607, 52119), (106.60942268371582, 52119), (107.89964890480042, 52119), (109.15639233589172, 52119), (110.43559336662292, 52119), (111.73254251480103, 52119), (113.00192952156067, 52119), (114.3601188659668, 52119), (115.64589524269104, 52119), (116.98882102966309, 52119), (118.32226991653442, 52119), (119.5769875049591, 52119)]",Greedy Best First
"(1000, 1000)",7,120.0,2.5,1.0,0.25,True,52111.0,150,True,"[(1.399059772491455, 52111), (2.9010727405548096, 52111), (4.359993934631348, 52111), (5.812640190124512, 52111), (7.366492986679077, 52111), (8.840561389923096, 52111), (10.382070302963257, 52111)]",AW-A*
"(1000, 1000)",7,120.0,1.0,1.0,0.25,True,52111.0,150,True,"[(1.4460070133209229, 52111)]",A*
"(1000, 1000)",7,120.0,,,0.25,False,inf,150,True,"[(1.2160356044769287, 52119), (2.5253772735595703, 52119), (3.7676045894622803, 52119), (5.048360347747803, 52119), (6.338819980621338, 52119), (7.581713914871216, 52119), (8.869072198867798, 52119), (10.166858434677124, 52119), (11.411488771438599, 52119), (12.731522798538208, 52119), (13.981549739837646, 52119), (15.268146276473999, 52119), (16.50439476966858, 52119), (17.783952236175537, 52119), (19.078694581985474, 52119), (20.31680965423584, 52119), (21.600922346115112, 52119), (22.9323091506958, 52119), (24.173189640045166, 52119), (25.459431886672974, 52119), (26.763314485549927, 52119), (28.005403757095337, 52119), (29.29247522354126, 52119), (30.587531089782715, 52119), (31.826408624649048, 52119), (33.169822216033936, 52119), (34.41094923019409, 52119), (35.69653511047363, 52119), (36.99308371543884, 52119), (38.2377290725708, 52119), (39.525729179382324, 52119), (40.82426905632019, 52119), (42.086082458496094, 52119), (43.395697355270386, 52119), (44.63448429107666, 52119), (45.91908931732178, 52119), (47.216663122177124, 52119), (48.46009397506714, 52119), (49.7530677318573, 52119), (50.99259972572327, 52119), (52.292901277542114, 52119), (53.54857420921326, 52119), (54.82507824897766, 52119), (56.11276435852051, 52119), (57.352741718292236, 52119), (58.6338996887207, 52119), (59.92897653579712, 52119), (61.16968560218811, 52119), (62.458331823349, 52119), (63.779953718185425, 52119), (65.01904249191284, 52119), (66.30777788162231, 52119), (67.6071207523346, 52119), (68.85549855232239, 52119), (70.15195393562317, 52119), (71.3935284614563, 52119), (72.68425607681274, 52119), (74.00329732894897, 52119), (75.2443859577179, 52119), (76.52871870994568, 52119), (77.83291983604431, 52119), (79.08099246025085, 52119), (80.37482142448425, 52119), (81.6170699596405, 52119), (82.94731640815735, 52119), (84.24753189086914, 52119), (85.49390697479248, 52119), (86.7935516834259, 52119), (88.03699612617493, 52119), (89.32042098045349, 52119), (90.55708599090576, 52119), (91.8328001499176, 52119), (93.16291761398315, 52119), (94.40098929405212, 52119), (95.68360996246338, 52119), (96.97920727729797, 52119), (98.22200870513916, 52119), (99.50786542892456, 52119), (100.8075897693634, 52119), (102.0852701663971, 52119), (103.41505646705627, 52119), (104.7183473110199, 52119), (105.96518111228943, 52119), (107.26236271858215, 52119), (108.50454711914062, 52119), (109.79198813438416, 52119), (111.09457850456238, 52119), (112.36748504638672, 52119), (113.66262292861938, 52119), (114.96256875991821, 52119), (116.21167230606079, 52119), (117.50749945640564, 52119), (118.75155210494995, 52119)]",Greedy Best First
"(1000, 1000)",7,120.0,2.5,1.0,0.25,False,52111.0,150,True,"[(1.384484052658081, 52111), (2.904212474822998, 52111), (4.342927694320679, 52111), (5.857446908950806, 52111), (7.326024532318115, 52111), (8.867494106292725, 52111), (10.362826108932495, 52111)]",AW-A*
"(1000, 1000)",7,120.0,1.0,1.0,0.25,False,52111.0,150,True,"[(1.5411832332611084, 52111)]",A*
"(1000, 1000)",7,120.0,,,0.5,True,inf,150,True,"[(1.172192096710205, 52119), (2.4191572666168213, 52119), (3.6211276054382324, 52119), (4.880768537521362, 52119), (6.1248509883880615, 52119), (7.321410894393921, 52119), (8.569764137268066, 52119), (9.85890531539917, 52119), (11.05620288848877, 52119), (12.345738887786865, 52119), (13.63599157333374, 52119), (14.876937627792358, 52119), (16.161577224731445, 52119), (17.458064317703247, 52119), (18.737125396728516, 52119), (20.027581691741943, 52119), (21.26498532295227, 52119), (22.543460607528687, 52119), (23.835822105407715, 52119), (25.0771484375, 52119), (26.363118886947632, 52119), (27.59759283065796, 52119), (28.915606260299683, 52119), (30.209413766860962, 52119), (31.447247743606567, 52119), (32.72936129570007, 52119), (34.0225305557251, 52119), (35.264307260513306, 52119), (36.5492684841156, 52119), (37.845746755599976, 52119), (39.128009557724, 52119), (40.417914152145386, 52119), (41.66791796684265, 52119), (42.94948363304138, 52119), (44.24548077583313, 52119), (45.48814535140991, 52119), (46.774542570114136, 52119), (48.0131573677063, 52119), (49.32816171646118, 52119), (50.61871838569641, 52119), (51.85854935646057, 52119), (53.14129376411438, 52119), (54.44126510620117, 52119), (55.68763470649719, 52119), (56.98007154464722, 52119), (58.22991585731506, 52119), (59.52690052986145, 52119), (60.819254875183105, 52119), (62.05782985687256, 52119), (63.349427938461304, 52119), (64.58933329582214, 52119), (65.87156200408936, 52119), (67.1684079170227, 52119), (68.42314648628235, 52119), (69.73382306098938, 52119), (70.96867156028748, 52119), (72.25683522224426, 52119), (73.55673909187317, 52119), (74.80010795593262, 52119), (76.08832883834839, 52119), (77.32409906387329, 52119), (78.61609935760498, 52119), (79.94235944747925, 52119), (81.18566226959229, 52119), (82.47807574272156, 52119), (83.7212426662445, 52119), (85.00426506996155, 52119), (86.30287981033325, 52119), (87.54150652885437, 52119), (88.87248969078064, 52119), (90.11161088943481, 52119), (91.3891282081604, 52119), (92.68322014808655, 52119), (93.92621564865112, 52119), (95.21990489959717, 52119), (96.45504570007324, 52119), (97.73283123970032, 52119), (99.06263256072998, 52119), (100.30643081665039, 52119), (101.59690928459167, 52119), (102.83995008468628, 52119), (104.12199759483337, 52119), (105.43147540092468, 52119), (106.67582321166992, 52119), (107.96700143814087, 52119), (109.24298143386841, 52119), (110.52441906929016, 52119), (111.82175540924072, 52119), (113.07899498939514, 52119), (114.42406916618347, 52119), (115.70633721351624, 52119), (117.0326292514801, 52119), (118.37126064300537, 52119), (119.6954779624939, 52119)]",Greedy Best First
"(1000, 1000)",7,120.0,2.5,1.0,0.5,True,52111.0,150,True,"[(1.3962178230285645, 52111), (2.9157161712646484, 52111), (4.398874759674072, 52111), (5.886073350906372, 52111)]",AW-A*
"(1000, 1000)",7,120.0,1.0,1.0,0.5,True,52111.0,150,True,"[(1.522503137588501, 52111)]",A*
"(1000, 1000)",7,120.0,,,0.5,False,inf,150,True,"[(1.2638061046600342, 52119), (2.5054428577423096, 52119), (3.8028173446655273, 52119), (5.103005409240723, 52119), (6.3487389087677, 52119), (7.642812013626099, 52119), (8.884003639221191, 52119), (10.220608711242676, 52119), (11.463319301605225, 52119), (12.746852159500122, 52119), (14.043151617050171, 52119), (15.28903317451477, 52119), (16.577433586120605, 52119), (17.882194757461548, 52119), (19.13674569129944, 52119), (20.450762510299683, 52119), (21.756471395492554, 52119), (23.0051486492157, 52119), (24.297729015350342, 52119), (25.60372042655945, 52119), (26.855185985565186, 52119), (28.153560161590576, 52119), (29.43455958366394, 52119), (30.727190732955933, 52119), (32.0346302986145, 52119), (33.28619456291199, 52119), (34.58652210235596, 52119), (35.83648991584778, 52119), (37.12702751159668, 52119), (38.42593002319336, 52119), (39.70518088340759, 52119), (40.99830412864685, 52119), (42.243921756744385, 52119), (43.52583026885986, 52119), (44.82420063018799, 52119), (46.0728440284729, 52119), (47.3599214553833, 52119), (48.663817405700684, 52119), (49.93799304962158, 52119), (51.2328896522522, 52119), (52.53614807128906, 52119), (53.78592491149902, 52119), (55.07892060279846, 52119), (56.38371729850769, 52119), (57.634912967681885, 52119), (58.94205355644226, 52119), (60.21125936508179, 52119), (61.50106954574585, 52119), (62.804930448532104, 52119), (64.05353713035583, 52119), (65.34504914283752, 52119), (66.65061855316162, 52119), (67.89912486076355, 52119), (69.23260402679443, 52119), (70.47980499267578, 52119), (71.77220225334167, 52119), (73.07800221443176, 52119), (74.33048224449158, 52119), (75.63347792625427, 52119), (76.88003659248352, 52119), (78.1710135936737, 52119), (79.45313596725464, 52119), (80.73852467536926, 52119), (82.03500032424927, 52119), (83.2788462638855, 52119), (84.55896377563477, 52119), (85.86493635177612, 52119), (87.10508990287781, 52119), (88.38571977615356, 52119), (89.71802854537964, 52119), (90.95946884155273, 52119), (92.2457447052002, 52119), (93.54469323158264, 52119), (94.79045629501343, 52119), (96.0844213962555, 52119), (97.32042121887207, 52119), (98.60046410560608, 52119), (99.93788743019104, 52119), (101.17754745483398, 52119), (102.46213722229004, 52119), (103.75851559638977, 52119), (105.00119543075562, 52119), (106.29502892494202, 52119), (107.53179931640625, 52119), (108.83313345909119, 52119), (110.15141749382019, 52119), (111.39537858963013, 52119), (112.68505048751831, 52119), (113.91928362846375, 52119), (115.19999194145203, 52119), (116.43432450294495, 52119), (117.70575284957886, 52119), (119.00549244880676, 52119)]",Greedy Best First
"(1000, 1000)",7,120.0,2.5,1.0,0.5,False,52111.0,150,True,"[(1.4662549495697021, 52111), (2.926171064376831, 52111), (4.37394118309021, 52111), (5.90472674369812, 52111)]",AW-A*
"(1000, 1000)",7,120.0,1.0,1.0,0.5,False,52111.0,150,True,"[(1.5177836418151855, 52111)]",A*
